67,131,JdhrmYl6zcBrHoLWN2yPpYWQDsU=,rwXfBk5GKjhv2k+zHuHLg/h6ujA=
68,129,JdhrmYl6zcBrHoLWN2yPpYWQDsU=,rwXfBk5GKjhv2k+zHuHLg/h6ujA=
69,130,JdhrmYl6zcBrHoLWN2yPpYWQDsU=,rwXfBk5GKjhv2k+zHuHLg/h6ujA=
70,130,JdhrmYl6zcBrHoLWN2yPpYWQDsU=,rwXfBk5GKjhv2k+zHuHLg/h6ujA=
69,131,t15jhQl6k1lVSIYQwXEmNOOD7Rc=,rwXfBk5GKjhv2k+zHuHLg/h6ujA=
69,129,t15jhQl6k1lVSIYQwXEmNOOD7Rc=,rwXfBk5GKjhv2k+zHuHLg/h6ujA=
65,128,t15jhQl6k1lVSIYQwXEmNOOD7Rc=,rwXfBk5GKjhv2k+zHuHLg/h6ujA=
72,131,t15jhQl6k1lVSIYQwXEmNOOD7Rc=,rwXfBk5GKjhv2k+zHuHLg/h6ujA=
71,131,t15jhQl6k1lVSIYQwXEmNOOD7Rc=,rwXfBk5GKjhv2k+zHuHLg/h6ujA=
69,128,t15jhQl6k1lVSIYQwXEmNOOD7Rc=,rwXfBk5GKjhv2k+zHuHLg/h6ujA=
70,131,t15jhQl6k1lVSIYQwXEmNOOD7Rc=,rwXfBk5GKjhv2k+zHuHLg/h6ujA=
66,131,DPK3S70RaV2hcUWDFg8MQAh6g+M=,rwXfBk5GKjhv2k+zHuHLg/h6ujA=
68,130,DPK3S70RaV2hcUWDFg8MQAh6g+M=,rwXfBk5GKjhv2k+zHuHLg/h6ujA=
68,131,DPK3S70RaV2hcUWDFg8MQAh6g+M=,rwXfBk5GKjhv2k+zHuHLg/h6ujA=
67,128,DPK3S70RaV2hcUWDFg8MQAh6g+M=,rwXfBk5GKjhv2k+zHuHLg/h6ujA=
73,131,DPK3S70RaV2hcUWDFg8MQAh6g+M=,rwXfBk5GKjhv2k+zHuHLg/h6ujA=
74,131,DPK3S70RaV2hcUWDFg8MQAh6g+M=,rwXfBk5GKjhv2k+zHuHLg/h6ujA=
76,143,DPK3S70RaV2hcUWDFg8MQAh6g+M=,rwXfBk5GKjhv2k+zHuHLg/h6ujA=
77,143,ZMveZS6OmqaxpJwJY+G04kbSSJ4=,rwXfBk5GKjhv2k+zHuHLg/h6ujA=
74,143,ZMveZS6OmqaxpJwJY+G04kbSSJ4=,rwXfBk5GKjhv2k+zHuHLg/h6ujA=
73,143,ZMveZS6OmqaxpJwJY+G04kbSSJ4=,rwXfBk5GKjhv2k+zHuHLg/h6ujA=
75,143,ZMveZS6OmqaxpJwJY+G04kbSSJ4=,rwXfBk5GKjhv2k+zHuHLg/h6ujA=
79,143,ZMveZS6OmqaxpJwJY+G04kbSSJ4=,rwXfBk5GKjhv2k+zHuHLg/h6ujA=
65,131,gf5lBdo+wU+4Zch/rSw20GRgUnM=,rwXfBk5GKjhv2k+zHuHLg/h6ujA=
78,143,gf5lBdo+wU+4Zch/rSw20GRgUnM=,rwXfBk5GKjhv2k+zHuHLg/h6ujA=
72,143,gf5lBdo+wU+4Zch/rSw20GRgUnM=,rwXfBk5GKjhv2k+zHuHLg/h6ujA=
71,143,gf5lBdo+wU+4Zch/rSw20GRgUnM=,rwXfBk5GKjhv2k+zHuHLg/h6ujA=
75,131,gf5lBdo+wU+4Zch/rSw20GRgUnM=,rwXfBk5GKjhv2k+zHuHLg/h6ujA=
70,143,iQkJb5yfji3mNvrBCyFUy5+mq9Q=,rwXfBk5GKjhv2k+zHuHLg/h6ujA=
68,128,iQkJb5yfji3mNvrBCyFUy5+mq9Q=,rwXfBk5GKjhv2k+zHuHLg/h6ujA=
67,130,iQkJb5yfji3mNvrBCyFUy5+mq9Q=,rwXfBk5GKjhv2k+zHuHLg/h6ujA=
67,143,iQkJb5yfji3mNvrBCyFUy5+mq9Q=,rwXfBk5GKjhv2k+zHuHLg/h6ujA=
69,143,iQkJb5yfji3mNvrBCyFUy5+mq9Q=,rwXfBk5GKjhv2k+zHuHLg/h6ujA=
65,143,lbY53m1eaUAE6tV7/GjK9hh+8G8=,rwXfBk5GKjhv2k+zHuHLg/h6ujA=
77,142,lbY53m1eaUAE6tV7/GjK9hh+8G8=,rwXfBk5GKjhv2k+zHuHLg/h6ujA=
64,143,lbY53m1eaUAE6tV7/GjK9hh+8G8=,rwXfBk5GKjhv2k+zHuHLg/h6ujA=
68,143,lbY53m1eaUAE6tV7/GjK9hh+8G8=,rwXfBk5GKjhv2k+zHuHLg/h6ujA=
76,142,lbY53m1eaUAE6tV7/GjK9hh+8G8=,rwXfBk5GKjhv2k+zHuHLg/h6ujA=
66,143,lbY53m1eaUAE6tV7/GjK9hh+8G8=,rwXfBk5GKjhv2k+zHuHLg/h6ujA=
75,142,lbY53m1eaUAE6tV7/GjK9hh+8G8=,rwXfBk5GKjhv2k+zHuHLg/h6ujA=
79,142,lbY53m1eaUAE6tV7/GjK9hh+8G8=,rwXfBk5GKjhv2k+zHuHLg/h6ujA=
76,131,lbY53m1eaUAE6tV7/GjK9hh+8G8=,rwXfBk5GKjhv2k+zHuHLg/h6ujA=
74,142,lbY53m1eaUAE6tV7/GjK9hh+8G8=,rwXfBk5GKjhv2k+zHuHLg/h6ujA=
78,142,lbY53m1eaUAE6tV7/GjK9hh+8G8=,rwXfBk5GKjhv2k+zHuHLg/h6ujA=
67,129,lbY53m1eaUAE6tV7/GjK9hh+8G8=,rwXfBk5GKjhv2k+zHuHLg/h6ujA=
73,142,lbY53m1eaUAE6tV7/GjK9hh+8G8=,rwXfBk5GKjhv2k+zHuHLg/h6ujA=
72,142,lbY53m1eaUAE6tV7/GjK9hh+8G8=,rwXfBk5GKjhv2k+zHuHLg/h6ujA=
70,142,lbY53m1eaUAE6tV7/GjK9hh+8G8=,rwXfBk5GKjhv2k+zHuHLg/h6ujA=
69,142,lbY53m1eaUAE6tV7/GjK9hh+8G8=,rwXfBk5GKjhv2k+zHuHLg/h6ujA=
66,130,lbY53m1eaUAE6tV7/GjK9hh+8G8=,rwXfBk5GKjhv2k+zHuHLg/h6ujA=
68,142,lbY53m1eaUAE6tV7/GjK9hh+8G8=,rwXfBk5GKjhv2k+zHuHLg/h6ujA=
67,142,lbY53m1eaUAE6tV7/GjK9hh+8G8=,rwXfBk5GKjhv2k+zHuHLg/h6ujA=
71,142,lbY53m1eaUAE6tV7/GjK9hh+8G8=,rwXfBk5GKjhv2k+zHuHLg/h6ujA=
66,142,lbY53m1eaUAE6tV7/GjK9hh+8G8=,rwXfBk5GKjhv2k+zHuHLg/h6ujA=
75,141,lbY53m1eaUAE6tV7/GjK9hh+8G8=,rwXfBk5GKjhv2k+zHuHLg/h6ujA=
76,141,lbY53m1eaUAE6tV7/GjK9hh+8G8=,rwXfBk5GKjhv2k+zHuHLg/h6ujA=
74,141,lbY53m1eaUAE6tV7/GjK9hh+8G8=,rwXfBk5GKjhv2k+zHuHLg/h6ujA=
77,131,lbY53m1eaUAE6tV7/GjK9hh+8G8=,rwXfBk5GKjhv2k+zHuHLg/h6ujA=
79,141,lbY53m1eaUAE6tV7/GjK9hh+8G8=,rwXfBk5GKjhv2k+zHuHLg/h6ujA=
65,142,lbY53m1eaUAE6tV7/GjK9hh+8G8=,rwXfBk5GKjhv2k+zHuHLg/h6ujA=
78,141,lbY53m1eaUAE6tV7/GjK9hh+8G8=,rwXfBk5GKjhv2k+zHuHLg/h6ujA=
73,141,lbY53m1eaUAE6tV7/GjK9hh+8G8=,rwXfBk5GKjhv2k+zHuHLg/h6ujA=
64,142,lbY53m1eaUAE6tV7/GjK9hh+8G8=,rwXfBk5GKjhv2k+zHuHLg/h6ujA=
77,141,lbY53m1eaUAE6tV7/GjK9hh+8G8=,rwXfBk5GKjhv2k+zHuHLg/h6ujA=
66,129,lbY53m1eaUAE6tV7/GjK9hh+8G8=,rwXfBk5GKjhv2k+zHuHLg/h6ujA=
65,130,lbY53m1eaUAE6tV7/GjK9hh+8G8=,rwXfBk5GKjhv2k+zHuHLg/h6ujA=
69,141,lbY53m1eaUAE6tV7/GjK9hh+8G8=,rwXfBk5GKjhv2k+zHuHLg/h6ujA=
79,140,lbY53m1eaUAE6tV7/GjK9hh+8G8=,rwXfBk5GKjhv2k+zHuHLg/h6ujA=
68,141,lbY53m1eaUAE6tV7/GjK9hh+8G8=,rwXfBk5GKjhv2k+zHuHLg/h6ujA=
71,141,lbY53m1eaUAE6tV7/GjK9hh+8G8=,rwXfBk5GKjhv2k+zHuHLg/h6ujA=
70,141,lbY53m1eaUAE6tV7/GjK9hh+8G8=,rwXfBk5GKjhv2k+zHuHLg/h6ujA=
67,141,lbY53m1eaUAE6tV7/GjK9hh+8G8=,rwXfBk5GKjhv2k+zHuHLg/h6ujA=
72,141,lbY53m1eaUAE6tV7/GjK9hh+8G8=,rwXfBk5GKjhv2k+zHuHLg/h6ujA=
66,141,lbY53m1eaUAE6tV7/GjK9hh+8G8=,rwXfBk5GKjhv2k+zHuHLg/h6ujA=
78,131,lbY53m1eaUAE6tV7/GjK9hh+8G8=,rwXfBk5GKjhv2k+zHuHLg/h6ujA=
78,140,lbY53m1eaUAE6tV7/GjK9hh+8G8=,rwXfBk5GKjhv2k+zHuHLg/h6ujA=
65,141,lbY53m1eaUAE6tV7/GjK9hh+8G8=,rwXfBk5GKjhv2k+zHuHLg/h6ujA=
70,129,lbY53m1eaUAE6tV7/GjK9hh+8G8=,rwXfBk5GKjhv2k+zHuHLg/h6ujA=
64,141,lbY53m1eaUAE6tV7/GjK9hh+8G8=,rwXfBk5GKjhv2k+zHuHLg/h6ujA=
77,140,lbY53m1eaUAE6tV7/GjK9hh+8G8=,rwXfBk5GKjhv2k+zHuHLg/h6ujA=
76,140,lbY53m1eaUAE6tV7/GjK9hh+8G8=,rwXfBk5GKjhv2k+zHuHLg/h6ujA=
69,140,lbY53m1eaUAE6tV7/GjK9hh+8G8=,rwXfBk5GKjhv2k+zHuHLg/h6ujA=
73,140,lbY53m1eaUAE6tV7/GjK9hh+8G8=,rwXfBk5GKjhv2k+zHuHLg/h6ujA=
75,140,lbY53m1eaUAE6tV7/GjK9hh+8G8=,rwXfBk5GKjhv2k+zHuHLg/h6ujA=
74,140,lbY53m1eaUAE6tV7/GjK9hh+8G8=,rwXfBk5GKjhv2k+zHuHLg/h6ujA=
68,140,lbY53m1eaUAE6tV7/GjK9hh+8G8=,rwXfBk5GKjhv2k+zHuHLg/h6ujA=
64,129,lbY53m1eaUAE6tV7/GjK9hh+8G8=,rwXfBk5GKjhv2k+zHuHLg/h6ujA=
65,129,lbY53m1eaUAE6tV7/GjK9hh+8G8=,rwXfBk5GKjhv2k+zHuHLg/h6ujA=
66,128,lbY53m1eaUAE6tV7/GjK9hh+8G8=,rwXfBk5GKjhv2k+zHuHLg/h6ujA=
79,131,lbY53m1eaUAE6tV7/GjK9hh+8G8=,rwXfBk5GKjhv2k+zHuHLg/h6ujA=
72,140,lbY53m1eaUAE6tV7/GjK9hh+8G8=,rwXfBk5GKjhv2k+zHuHLg/h6ujA=
64,131,lbY53m1eaUAE6tV7/GjK9hh+8G8=,rwXfBk5GKjhv2k+zHuHLg/h6ujA=
64,130,lbY53m1eaUAE6tV7/GjK9hh+8G8=,rwXfBk5GKjhv2k+zHuHLg/h6ujA=
70,128,lbY53m1eaUAE6tV7/GjK9hh+8G8=,rwXfBk5GKjhv2k+zHuHLg/h6ujA=
67,140,lbY53m1eaUAE6tV7/GjK9hh+8G8=,rwXfBk5GKjhv2k+zHuHLg/h6ujA=
71,140,lbY53m1eaUAE6tV7/GjK9hh+8G8=,rwXfBk5GKjhv2k+zHuHLg/h6ujA=
79,128,lbY53m1eaUAE6tV7/GjK9hh+8G8=,rwXfBk5GKjhv2k+zHuHLg/h6ujA=
70,140,lbY53m1eaUAE6tV7/GjK9hh+8G8=,rwXfBk5GKjhv2k+zHuHLg/h6ujA=
71,130,lbY53m1eaUAE6tV7/GjK9hh+8G8=,rwXfBk5GKjhv2k+zHuHLg/h6ujA=
78,139,lbY53m1eaUAE6tV7/GjK9hh+8G8=,rwXfBk5GKjhv2k+zHuHLg/h6ujA=
64,132,lbY53m1eaUAE6tV7/GjK9hh+8G8=,rwXfBk5GKjhv2k+zHuHLg/h6ujA=
77,139,lbY53m1eaUAE6tV7/GjK9hh+8G8=,rwXfBk5GKjhv2k+zHuHLg/h6ujA=
66,140,lbY53m1eaUAE6tV7/GjK9hh+8G8=,rwXfBk5GKjhv2k+zHuHLg/h6ujA=
65,132,lbY53m1eaUAE6tV7/GjK9hh+8G8=,rwXfBk5GKjhv2k+zHuHLg/h6ujA=
76,139,lbY53m1eaUAE6tV7/GjK9hh+8G8=,rwXfBk5GKjhv2k+zHuHLg/h6ujA=
66,132,lbY53m1eaUAE6tV7/GjK9hh+8G8=,rwXfBk5GKjhv2k+zHuHLg/h6ujA=
65,140,lbY53m1eaUAE6tV7/GjK9hh+8G8=,rwXfBk5GKjhv2k+zHuHLg/h6ujA=
79,139,lbY53m1eaUAE6tV7/GjK9hh+8G8=,rwXfBk5GKjhv2k+zHuHLg/h6ujA=
79,130,lbY53m1eaUAE6tV7/GjK9hh+8G8=,rwXfBk5GKjhv2k+zHuHLg/h6ujA=
79,129,lbY53m1eaUAE6tV7/GjK9hh+8G8=,rwXfBk5GKjhv2k+zHuHLg/h6ujA=
64,140,lbY53m1eaUAE6tV7/GjK9hh+8G8=,rwXfBk5GKjhv2k+zHuHLg/h6ujA=
67,132,lbY53m1eaUAE6tV7/GjK9hh+8G8=,rwXfBk5GKjhv2k+zHuHLg/h6ujA=
78,128,lbY53m1eaUAE6tV7/GjK9hh+8G8=,rwXfBk5GKjhv2k+zHuHLg/h6ujA=
75,139,lbY53m1eaUAE6tV7/GjK9hh+8G8=,rwXfBk5GKjhv2k+zHuHLg/h6ujA=
68,132,lbY53m1eaUAE6tV7/GjK9hh+8G8=,rwXfBk5GKjhv2k+zHuHLg/h6ujA=
64,128,lbY53m1eaUAE6tV7/GjK9hh+8G8=,rwXfBk5GKjhv2k+zHuHLg/h6ujA=
78,129,lbY53m1eaUAE6tV7/GjK9hh+8G8=,rwXfBk5GKjhv2k+zHuHLg/h6ujA=
69,132,lbY53m1eaUAE6tV7/GjK9hh+8G8=,rwXfBk5GKjhv2k+zHuHLg/h6ujA=
74,139,lbY53m1eaUAE6tV7/GjK9hh+8G8=,rwXfBk5GKjhv2k+zHuHLg/h6ujA=
70,132,lbY53m1eaUAE6tV7/GjK9hh+8G8=,rwXfBk5GKjhv2k+zHuHLg/h6ujA=
71,132,lbY53m1eaUAE6tV7/GjK9hh+8G8=,rwXfBk5GKjhv2k+zHuHLg/h6ujA=
69,139,lbY53m1eaUAE6tV7/GjK9hh+8G8=,rwXfBk5GKjhv2k+zHuHLg/h6ujA=
70,139,lbY53m1eaUAE6tV7/GjK9hh+8G8=,rwXfBk5GKjhv2k+zHuHLg/h6ujA=
67,139,lbY53m1eaUAE6tV7/GjK9hh+8G8=,rwXfBk5GKjhv2k+zHuHLg/h6ujA=
68,139,lbY53m1eaUAE6tV7/GjK9hh+8G8=,rwXfBk5GKjhv2k+zHuHLg/h6ujA=
73,139,lbY53m1eaUAE6tV7/GjK9hh+8G8=,rwXfBk5GKjhv2k+zHuHLg/h6ujA=
72,139,lbY53m1eaUAE6tV7/GjK9hh+8G8=,rwXfBk5GKjhv2k+zHuHLg/h6ujA=
71,139,lbY53m1eaUAE6tV7/GjK9hh+8G8=,rwXfBk5GKjhv2k+zHuHLg/h6ujA=
77,138,lbY53m1eaUAE6tV7/GjK9hh+8G8=,rwXfBk5GKjhv2k+zHuHLg/h6ujA=
76,138,lbY53m1eaUAE6tV7/GjK9hh+8G8=,rwXfBk5GKjhv2k+zHuHLg/h6ujA=
72,132,lbY53m1eaUAE6tV7/GjK9hh+8G8=,rwXfBk5GKjhv2k+zHuHLg/h6ujA=
75,138,lbY53m1eaUAE6tV7/GjK9hh+8G8=,rwXfBk5GKjhv2k+zHuHLg/h6ujA=
66,139,lbY53m1eaUAE6tV7/GjK9hh+8G8=,rwXfBk5GKjhv2k+zHuHLg/h6ujA=
78,138,lbY53m1eaUAE6tV7/GjK9hh+8G8=,rwXfBk5GKjhv2k+zHuHLg/h6ujA=
65,139,lbY53m1eaUAE6tV7/GjK9hh+8G8=,rwXfBk5GKjhv2k+zHuHLg/h6ujA=
64,139,lbY53m1eaUAE6tV7/GjK9hh+8G8=,rwXfBk5GKjhv2k+zHuHLg/h6ujA=
74,138,lbY53m1eaUAE6tV7/GjK9hh+8G8=,rwXfBk5GKjhv2k+zHuHLg/h6ujA=
77,128,lbY53m1eaUAE6tV7/GjK9hh+8G8=,rwXfBk5GKjhv2k+zHuHLg/h6ujA=
73,132,lbY53m1eaUAE6tV7/GjK9hh+8G8=,rwXfBk5GKjhv2k+zHuHLg/h6ujA=
77,129,lbY53m1eaUAE6tV7/GjK9hh+8G8=,rwXfBk5GKjhv2k+zHuHLg/h6ujA=
74,132,lbY53m1eaUAE6tV7/GjK9hh+8G8=,rwXfBk5GKjhv2k+zHuHLg/h6ujA=
79,138,lbY53m1eaUAE6tV7/GjK9hh+8G8=,rwXfBk5GKjhv2k+zHuHLg/h6ujA=
75,132,lbY53m1eaUAE6tV7/GjK9hh+8G8=,rwXfBk5GKjhv2k+zHuHLg/h6ujA=
78,130,lbY53m1eaUAE6tV7/GjK9hh+8G8=,rwXfBk5GKjhv2k+zHuHLg/h6ujA=
72,138,lbY53m1eaUAE6tV7/GjK9hh+8G8=,rwXfBk5GKjhv2k+zHuHLg/h6ujA=
73,138,lbY53m1eaUAE6tV7/GjK9hh+8G8=,rwXfBk5GKjhv2k+zHuHLg/h6ujA=
69,138,lbY53m1eaUAE6tV7/GjK9hh+8G8=,rwXfBk5GKjhv2k+zHuHLg/h6ujA=
71,138,lbY53m1eaUAE6tV7/GjK9hh+8G8=,rwXfBk5GKjhv2k+zHuHLg/h6ujA=
76,132,lbY53m1eaUAE6tV7/GjK9hh+8G8=,rwXfBk5GKjhv2k+zHuHLg/h6ujA=
70,138,lbY53m1eaUAE6tV7/GjK9hh+8G8=,rwXfBk5GKjhv2k+zHuHLg/h6ujA=
78,137,lbY53m1eaUAE6tV7/GjK9hh+8G8=,rwXfBk5GKjhv2k+zHuHLg/h6ujA=
68,138,lbY53m1eaUAE6tV7/GjK9hh+8G8=,rwXfBk5GKjhv2k+zHuHLg/h6ujA=
79,137,lbY53m1eaUAE6tV7/GjK9hh+8G8=,rwXfBk5GKjhv2k+zHuHLg/h6ujA=
67,138,lbY53m1eaUAE6tV7/GjK9hh+8G8=,rwXfBk5GKjhv2k+zHuHLg/h6ujA=
76,128,lbY53m1eaUAE6tV7/GjK9hh+8G8=,rwXfBk5GKjhv2k+zHuHLg/h6ujA=
76,137,lbY53m1eaUAE6tV7/GjK9hh+8G8=,rwXfBk5GKjhv2k+zHuHLg/h6ujA=
77,137,lbY53m1eaUAE6tV7/GjK9hh+8G8=,rwXfBk5GKjhv2k+zHuHLg/h6ujA=
75,137,lbY53m1eaUAE6tV7/GjK9hh+8G8=,rwXfBk5GKjhv2k+zHuHLg/h6ujA=
66,138,lbY53m1eaUAE6tV7/GjK9hh+8G8=,rwXfBk5GKjhv2k+zHuHLg/h6ujA=
74,137,lbY53m1eaUAE6tV7/GjK9hh+8G8=,rwXfBk5GKjhv2k+zHuHLg/h6ujA=
65,138,lbY53m1eaUAE6tV7/GjK9hh+8G8=,rwXfBk5GKjhv2k+zHuHLg/h6ujA=
73,137,lbY53m1eaUAE6tV7/GjK9hh+8G8=,rwXfBk5GKjhv2k+zHuHLg/h6ujA=
64,138,lbY53m1eaUAE6tV7/GjK9hh+8G8=,rwXfBk5GKjhv2k+zHuHLg/h6ujA=
77,132,lbY53m1eaUAE6tV7/GjK9hh+8G8=,rwXfBk5GKjhv2k+zHuHLg/h6ujA=
77,130,lbY53m1eaUAE6tV7/GjK9hh+8G8=,rwXfBk5GKjhv2k+zHuHLg/h6ujA=
76,129,lbY53m1eaUAE6tV7/GjK9hh+8G8=,rwXfBk5GKjhv2k+zHuHLg/h6ujA=
75,128,lbY53m1eaUAE6tV7/GjK9hh+8G8=,rwXfBk5GKjhv2k+zHuHLg/h6ujA=
66,137,lbY53m1eaUAE6tV7/GjK9hh+8G8=,rwXfBk5GKjhv2k+zHuHLg/h6ujA=
72,137,lbY53m1eaUAE6tV7/GjK9hh+8G8=,rwXfBk5GKjhv2k+zHuHLg/h6ujA=
68,137,lbY53m1eaUAE6tV7/GjK9hh+8G8=,rwXfBk5GKjhv2k+zHuHLg/h6ujA=
67,137,lbY53m1eaUAE6tV7/GjK9hh+8G8=,rwXfBk5GKjhv2k+zHuHLg/h6ujA=
71,137,lbY53m1eaUAE6tV7/GjK9hh+8G8=,rwXfBk5GKjhv2k+zHuHLg/h6ujA=
78,136,lbY53m1eaUAE6tV7/GjK9hh+8G8=,rwXfBk5GKjhv2k+zHuHLg/h6ujA=
77,136,lbY53m1eaUAE6tV7/GjK9hh+8G8=,rwXfBk5GKjhv2k+zHuHLg/h6ujA=
79,136,lbY53m1eaUAE6tV7/GjK9hh+8G8=,rwXfBk5GKjhv2k+zHuHLg/h6ujA=
76,136,lbY53m1eaUAE6tV7/GjK9hh+8G8=,rwXfBk5GKjhv2k+zHuHLg/h6ujA=
69,137,lbY53m1eaUAE6tV7/GjK9hh+8G8=,rwXfBk5GKjhv2k+zHuHLg/h6ujA=
75,136,lbY53m1eaUAE6tV7/GjK9hh+8G8=,rwXfBk5GKjhv2k+zHuHLg/h6ujA=
64,137,lbY53m1eaUAE6tV7/GjK9hh+8G8=,rwXfBk5GKjhv2k+zHuHLg/h6ujA=
74,136,lbY53m1eaUAE6tV7/GjK9hh+8G8=,rwXfBk5GKjhv2k+zHuHLg/h6ujA=
78,132,lbY53m1eaUAE6tV7/GjK9hh+8G8=,rwXfBk5GKjhv2k+zHuHLg/h6ujA=
65,137,lbY53m1eaUAE6tV7/GjK9hh+8G8=,rwXfBk5GKjhv2k+zHuHLg/h6ujA=
70,137,lbY53m1eaUAE6tV7/GjK9hh+8G8=,rwXfBk5GKjhv2k+zHuHLg/h6ujA=
71,129,lbY53m1eaUAE6tV7/GjK9hh+8G8=,rwXfBk5GKjhv2k+zHuHLg/h6ujA=
67,136,lbY53m1eaUAE6tV7/GjK9hh+8G8=,rwXfBk5GKjhv2k+zHuHLg/h6ujA=
66,136,lbY53m1eaUAE6tV7/GjK9hh+8G8=,rwXfBk5GKjhv2k+zHuHLg/h6ujA=
68,136,lbY53m1eaUAE6tV7/GjK9hh+8G8=,rwXfBk5GKjhv2k+zHuHLg/h6ujA=
65,136,lbY53m1eaUAE6tV7/GjK9hh+8G8=,rwXfBk5GKjhv2k+zHuHLg/h6ujA=
76,130,lbY53m1eaUAE6tV7/GjK9hh+8G8=,rwXfBk5GKjhv2k+zHuHLg/h6ujA=
74,128,lbY53m1eaUAE6tV7/GjK9hh+8G8=,rwXfBk5GKjhv2k+zHuHLg/h6ujA=
75,129,lbY53m1eaUAE6tV7/GjK9hh+8G8=,rwXfBk5GKjhv2k+zHuHLg/h6ujA=
73,136,lbY53m1eaUAE6tV7/GjK9hh+8G8=,rwXfBk5GKjhv2k+zHuHLg/h6ujA=
77,135,lbY53m1eaUAE6tV7/GjK9hh+8G8=,rwXfBk5GKjhv2k+zHuHLg/h6ujA=
71,136,lbY53m1eaUAE6tV7/GjK9hh+8G8=,rwXfBk5GKjhv2k+zHuHLg/h6ujA=
79,132,lbY53m1eaUAE6tV7/GjK9hh+8G8=,rwXfBk5GKjhv2k+zHuHLg/h6ujA=
74,129,lbY53m1eaUAE6tV7/GjK9hh+8G8=,rwXfBk5GKjhv2k+zHuHLg/h6ujA=
69,136,lbY53m1eaUAE6tV7/GjK9hh+8G8=,rwXfBk5GKjhv2k+zHuHLg/h6ujA=
70,136,lbY53m1eaUAE6tV7/GjK9hh+8G8=,rwXfBk5GKjhv2k+zHuHLg/h6ujA=
72,130,lbY53m1eaUAE6tV7/GjK9hh+8G8=,rwXfBk5GKjhv2k+zHuHLg/h6ujA=
75,135,lbY53m1eaUAE6tV7/GjK9hh+8G8=,rwXfBk5GKjhv2k+zHuHLg/h6ujA=
64,136,lbY53m1eaUAE6tV7/GjK9hh+8G8=,rwXfBk5GKjhv2k+zHuHLg/h6ujA=
76,135,lbY53m1eaUAE6tV7/GjK9hh+8G8=,rwXfBk5GKjhv2k+zHuHLg/h6ujA=
72,136,lbY53m1eaUAE6tV7/GjK9hh+8G8=,rwXfBk5GKjhv2k+zHuHLg/h6ujA=
71,128,lbY53m1eaUAE6tV7/GjK9hh+8G8=,rwXfBk5GKjhv2k+zHuHLg/h6ujA=
68,135,lbY53m1eaUAE6tV7/GjK9hh+8G8=,rwXfBk5GKjhv2k+zHuHLg/h6ujA=
79,135,lbY53m1eaUAE6tV7/GjK9hh+8G8=,rwXfBk5GKjhv2k+zHuHLg/h6ujA=
67,135,lbY53m1eaUAE6tV7/GjK9hh+8G8=,rwXfBk5GKjhv2k+zHuHLg/h6ujA=
64,133,lbY53m1eaUAE6tV7/GjK9hh+8G8=,rwXfBk5GKjhv2k+zHuHLg/h6ujA=
66,135,lbY53m1eaUAE6tV7/GjK9hh+8G8=,rwXfBk5GKjhv2k+zHuHLg/h6ujA=
78,135,lbY53m1eaUAE6tV7/GjK9hh+8G8=,rwXfBk5GKjhv2k+zHuHLg/h6ujA=
65,133,lbY53m1eaUAE6tV7/GjK9hh+8G8=,rwXfBk5GKjhv2k+zHuHLg/h6ujA=
73,128,lbY53m1eaUAE6tV7/GjK9hh+8G8=,rwXfBk5GKjhv2k+zHuHLg/h6ujA=
69,135,lbY53m1eaUAE6tV7/GjK9hh+8G8=,rwXfBk5GKjhv2k+zHuHLg/h6ujA=
66,133,lbY53m1eaUAE6tV7/GjK9hh+8G8=,rwXfBk5GKjhv2k+zHuHLg/h6ujA=
75,130,lbY53m1eaUAE6tV7/GjK9hh+8G8=,rwXfBk5GKjhv2k+zHuHLg/h6ujA=
73,129,lbY53m1eaUAE6tV7/GjK9hh+8G8=,rwXfBk5GKjhv2k+zHuHLg/h6ujA=
67,133,lbY53m1eaUAE6tV7/GjK9hh+8G8=,rwXfBk5GKjhv2k+zHuHLg/h6ujA=
74,135,lbY53m1eaUAE6tV7/GjK9hh+8G8=,rwXfBk5GKjhv2k+zHuHLg/h6ujA=
68,133,lbY53m1eaUAE6tV7/GjK9hh+8G8=,rwXfBk5GKjhv2k+zHuHLg/h6ujA=
73,135,lbY53m1eaUAE6tV7/GjK9hh+8G8=,rwXfBk5GKjhv2k+zHuHLg/h6ujA=
69,133,lbY53m1eaUAE6tV7/GjK9hh+8G8=,rwXfBk5GKjhv2k+zHuHLg/h6ujA=
72,135,lbY53m1eaUAE6tV7/GjK9hh+8G8=,rwXfBk5GKjhv2k+zHuHLg/h6ujA=
65,135,lbY53m1eaUAE6tV7/GjK9hh+8G8=,rwXfBk5GKjhv2k+zHuHLg/h6ujA=
70,135,lbY53m1eaUAE6tV7/GjK9hh+8G8=,rwXfBk5GKjhv2k+zHuHLg/h6ujA=
71,135,lbY53m1eaUAE6tV7/GjK9hh+8G8=,rwXfBk5GKjhv2k+zHuHLg/h6ujA=
70,133,lbY53m1eaUAE6tV7/GjK9hh+8G8=,rwXfBk5GKjhv2k+zHuHLg/h6ujA=
75,134,lbY53m1eaUAE6tV7/GjK9hh+8G8=,rwXfBk5GKjhv2k+zHuHLg/h6ujA=
74,130,lbY53m1eaUAE6tV7/GjK9hh+8G8=,rwXfBk5GKjhv2k+zHuHLg/h6ujA=
64,135,lbY53m1eaUAE6tV7/GjK9hh+8G8=,rwXfBk5GKjhv2k+zHuHLg/h6ujA=
69,134,lbY53m1eaUAE6tV7/GjK9hh+8G8=,rwXfBk5GKjhv2k+zHuHLg/h6ujA=
79,134,lbY53m1eaUAE6tV7/GjK9hh+8G8=,rwXfBk5GKjhv2k+zHuHLg/h6ujA=
71,133,lbY53m1eaUAE6tV7/GjK9hh+8G8=,rwXfBk5GKjhv2k+zHuHLg/h6ujA=
76,134,lbY53m1eaUAE6tV7/GjK9hh+8G8=,rwXfBk5GKjhv2k+zHuHLg/h6ujA=
77,134,lbY53m1eaUAE6tV7/GjK9hh+8G8=,rwXfBk5GKjhv2k+zHuHLg/h6ujA=
68,134,lbY53m1eaUAE6tV7/GjK9hh+8G8=,rwXfBk5GKjhv2k+zHuHLg/h6ujA=
67,134,lbY53m1eaUAE6tV7/GjK9hh+8G8=,rwXfBk5GKjhv2k+zHuHLg/h6ujA=
70,134,lbY53m1eaUAE6tV7/GjK9hh+8G8=,rwXfBk5GKjhv2k+zHuHLg/h6ujA=
66,134,lbY53m1eaUAE6tV7/GjK9hh+8G8=,rwXfBk5GKjhv2k+zHuHLg/h6ujA=
78,134,lbY53m1eaUAE6tV7/GjK9hh+8G8=,rwXfBk5GKjhv2k+zHuHLg/h6ujA=
72,128,lbY53m1eaUAE6tV7/GjK9hh+8G8=,rwXfBk5GKjhv2k+zHuHLg/h6ujA=
72,129,lbY53m1eaUAE6tV7/GjK9hh+8G8=,rwXfBk5GKjhv2k+zHuHLg/h6ujA=
73,130,lbY53m1eaUAE6tV7/GjK9hh+8G8=,rwXfBk5GKjhv2k+zHuHLg/h6ujA=
73,134,lbY53m1eaUAE6tV7/GjK9hh+8G8=,rwXfBk5GKjhv2k+zHuHLg/h6ujA=
65,134,lbY53m1eaUAE6tV7/GjK9hh+8G8=,rwXfBk5GKjhv2k+zHuHLg/h6ujA=
74,134,lbY53m1eaUAE6tV7/GjK9hh+8G8=,rwXfBk5GKjhv2k+zHuHLg/h6ujA=
64,134,lbY53m1eaUAE6tV7/GjK9hh+8G8=,rwXfBk5GKjhv2k+zHuHLg/h6ujA=
74,133,lbY53m1eaUAE6tV7/GjK9hh+8G8=,rwXfBk5GKjhv2k+zHuHLg/h6ujA=
71,134,lbY53m1eaUAE6tV7/GjK9hh+8G8=,rwXfBk5GKjhv2k+zHuHLg/h6ujA=
72,134,lbY53m1eaUAE6tV7/GjK9hh+8G8=,rwXfBk5GKjhv2k+zHuHLg/h6ujA=
75,133,lbY53m1eaUAE6tV7/GjK9hh+8G8=,rwXfBk5GKjhv2k+zHuHLg/h6ujA=
76,133,lbY53m1eaUAE6tV7/GjK9hh+8G8=,rwXfBk5GKjhv2k+zHuHLg/h6ujA=
73,133,lbY53m1eaUAE6tV7/GjK9hh+8G8=,rwXfBk5GKjhv2k+zHuHLg/h6ujA=
77,133,lbY53m1eaUAE6tV7/GjK9hh+8G8=,rwXfBk5GKjhv2k+zHuHLg/h6ujA=
79,133,lbY53m1eaUAE6tV7/GjK9hh+8G8=,rwXfBk5GKjhv2k+zHuHLg/h6ujA=
72,133,lbY53m1eaUAE6tV7/GjK9hh+8G8=,rwXfBk5GKjhv2k+zHuHLg/h6ujA=
78,133,lbY53m1eaUAE6tV7/GjK9hh+8G8=,rwXfBk5GKjhv2k+zHuHLg/h6ujA=
71,147,AqHs8PaAEgb26gYJco8F9POF72U=,rwXfBk5GKjhv2k+zHuHLg/h6ujA=
70,147,AqHs8PaAEgb26gYJco8F9POF72U=,rwXfBk5GKjhv2k+zHuHLg/h6ujA=
70,146,AqHs8PaAEgb26gYJco8F9POF72U=,rwXfBk5GKjhv2k+zHuHLg/h6ujA=
69,146,AqHs8PaAEgb26gYJco8F9POF72U=,rwXfBk5GKjhv2k+zHuHLg/h6ujA=
69,147,RdI44l/SnJF3nF8SK5kyTXn/i8Y=,rwXfBk5GKjhv2k+zHuHLg/h6ujA=
68,147,RdI44l/SnJF3nF8SK5kyTXn/i8Y=,rwXfBk5GKjhv2k+zHuHLg/h6ujA=
67,147,RdI44l/SnJF3nF8SK5kyTXn/i8Y=,rwXfBk5GKjhv2k+zHuHLg/h6ujA=
69,145,RdI44l/SnJF3nF8SK5kyTXn/i8Y=,rwXfBk5GKjhv2k+zHuHLg/h6ujA=
73,156,RdI44l/SnJF3nF8SK5kyTXn/i8Y=,rwXfBk5GKjhv2k+zHuHLg/h6ujA=
72,156,RdI44l/SnJF3nF8SK5kyTXn/i8Y=,rwXfBk5GKjhv2k+zHuHLg/h6ujA=
71,156,RdI44l/SnJF3nF8SK5kyTXn/i8Y=,rwXfBk5GKjhv2k+zHuHLg/h6ujA=
66,147,RdI44l/SnJF3nF8SK5kyTXn/i8Y=,rwXfBk5GKjhv2k+zHuHLg/h6ujA=
68,146,viKdbmfGWzBcvfPjsB694U1bUxo=,rwXfBk5GKjhv2k+zHuHLg/h6ujA=
74,156,viKdbmfGWzBcvfPjsB694U1bUxo=,rwXfBk5GKjhv2k+zHuHLg/h6ujA=
75,156,viKdbmfGWzBcvfPjsB694U1bUxo=,rwXfBk5GKjhv2k+zHuHLg/h6ujA=
79,156,viKdbmfGWzBcvfPjsB694U1bUxo=,rwXfBk5GKjhv2k+zHuHLg/h6ujA=
78,156,viKdbmfGWzBcvfPjsB694U1bUxo=,rwXfBk5GKjhv2k+zHuHLg/h6ujA=
70,156,viKdbmfGWzBcvfPjsB694U1bUxo=,rwXfBk5GKjhv2k+zHuHLg/h6ujA=
76,156,viKdbmfGWzBcvfPjsB694U1bUxo=,rwXfBk5GKjhv2k+zHuHLg/h6ujA=
69,156,1V6JlIRfGdublMSBZrjKpAOnmXw=,rwXfBk5GKjhv2k+zHuHLg/h6ujA=
67,146,1V6JlIRfGdublMSBZrjKpAOnmXw=,rwXfBk5GKjhv2k+zHuHLg/h6ujA=
77,156,1V6JlIRfGdublMSBZrjKpAOnmXw=,rwXfBk5GKjhv2k+zHuHLg/h6ujA=
68,156,1V6JlIRfGdublMSBZrjKpAOnmXw=,rwXfBk5GKjhv2k+zHuHLg/h6ujA=
67,156,1V6JlIRfGdublMSBZrjKpAOnmXw=,rwXfBk5GKjhv2k+zHuHLg/h6ujA=
65,147,1V6JlIRfGdublMSBZrjKpAOnmXw=,rwXfBk5GKjhv2k+zHuHLg/h6ujA=
65,156,1V6JlIRfGdublMSBZrjKpAOnmXw=,rwXfBk5GKjhv2k+zHuHLg/h6ujA=
66,156,CguJijMleCPoUadOdaLVMbSwK0g=,rwXfBk5GKjhv2k+zHuHLg/h6ujA=
65,146,CguJijMleCPoUadOdaLVMbSwK0g=,rwXfBk5GKjhv2k+zHuHLg/h6ujA=
64,156,CguJijMleCPoUadOdaLVMbSwK0g=,rwXfBk5GKjhv2k+zHuHLg/h6ujA=
68,145,CguJijMleCPoUadOdaLVMbSwK0g=,rwXfBk5GKjhv2k+zHuHLg/h6ujA=
66,146,CguJijMleCPoUadOdaLVMbSwK0g=,rwXfBk5GKjhv2k+zHuHLg/h6ujA=
66,145,CguJijMleCPoUadOdaLVMbSwK0g=,rwXfBk5GKjhv2k+zHuHLg/h6ujA=
67,144,CguJijMleCPoUadOdaLVMbSwK0g=,rwXfBk5GKjhv2k+zHuHLg/h6ujA=
64,147,CguJijMleCPoUadOdaLVMbSwK0g=,rwXfBk5GKjhv2k+zHuHLg/h6ujA=
69,144,CguJijMleCPoUadOdaLVMbSwK0g=,rwXfBk5GKjhv2k+zHuHLg/h6ujA=
78,144,CguJijMleCPoUadOdaLVMbSwK0g=,rwXfBk5GKjhv2k+zHuHLg/h6ujA=
65,144,CguJijMleCPoUadOdaLVMbSwK0g=,rwXfBk5GKjhv2k+zHuHLg/h6ujA=
68,144,CguJijMleCPoUadOdaLVMbSwK0g=,rwXfBk5GKjhv2k+zHuHLg/h6ujA=
67,145,CguJijMleCPoUadOdaLVMbSwK0g=,rwXfBk5GKjhv2k+zHuHLg/h6ujA=
66,144,CguJijMleCPoUadOdaLVMbSwK0g=,rwXfBk5GKjhv2k+zHuHLg/h6ujA=
79,144,CguJijMleCPoUadOdaLVMbSwK0g=,rwXfBk5GKjhv2k+zHuHLg/h6ujA=
65,145,CguJijMleCPoUadOdaLVMbSwK0g=,rwXfBk5GKjhv2k+zHuHLg/h6ujA=
79,155,CguJijMleCPoUadOdaLVMbSwK0g=,rwXfBk5GKjhv2k+zHuHLg/h6ujA=
73,155,CguJijMleCPoUadOdaLVMbSwK0g=,rwXfBk5GKjhv2k+zHuHLg/h6ujA=
72,155,CguJijMleCPoUadOdaLVMbSwK0g=,rwXfBk5GKjhv2k+zHuHLg/h6ujA=
64,146,CguJijMleCPoUadOdaLVMbSwK0g=,rwXfBk5GKjhv2k+zHuHLg/h6ujA=
70,155,CguJijMleCPoUadOdaLVMbSwK0g=,rwXfBk5GKjhv2k+zHuHLg/h6ujA=
71,155,CguJijMleCPoUadOdaLVMbSwK0g=,rwXfBk5GKjhv2k+zHuHLg/h6ujA=
69,155,CguJijMleCPoUadOdaLVMbSwK0g=,rwXfBk5GKjhv2k+zHuHLg/h6ujA=
64,145,CguJijMleCPoUadOdaLVMbSwK0g=,rwXfBk5GKjhv2k+zHuHLg/h6ujA=
79,146,CguJijMleCPoUadOdaLVMbSwK0g=,rwXfBk5GKjhv2k+zHuHLg/h6ujA=
74,155,CguJijMleCPoUadOdaLVMbSwK0g=,rwXfBk5GKjhv2k+zHuHLg/h6ujA=
79,145,CguJijMleCPoUadOdaLVMbSwK0g=,rwXfBk5GKjhv2k+zHuHLg/h6ujA=
68,155,CguJijMleCPoUadOdaLVMbSwK0g=,rwXfBk5GKjhv2k+zHuHLg/h6ujA=
67,155,CguJijMleCPoUadOdaLVMbSwK0g=,rwXfBk5GKjhv2k+zHuHLg/h6ujA=
76,155,CguJijMleCPoUadOdaLVMbSwK0g=,rwXfBk5GKjhv2k+zHuHLg/h6ujA=
78,155,CguJijMleCPoUadOdaLVMbSwK0g=,rwXfBk5GKjhv2k+zHuHLg/h6ujA=
65,155,CguJijMleCPoUadOdaLVMbSwK0g=,rwXfBk5GKjhv2k+zHuHLg/h6ujA=
77,155,CguJijMleCPoUadOdaLVMbSwK0g=,rwXfBk5GKjhv2k+zHuHLg/h6ujA=
66,155,CguJijMleCPoUadOdaLVMbSwK0g=,rwXfBk5GKjhv2k+zHuHLg/h6ujA=
78,145,CguJijMleCPoUadOdaLVMbSwK0g=,rwXfBk5GKjhv2k+zHuHLg/h6ujA=
75,155,CguJijMleCPoUadOdaLVMbSwK0g=,rwXfBk5GKjhv2k+zHuHLg/h6ujA=
64,155,CguJijMleCPoUadOdaLVMbSwK0g=,rwXfBk5GKjhv2k+zHuHLg/h6ujA=
73,154,CguJijMleCPoUadOdaLVMbSwK0g=,rwXfBk5GKjhv2k+zHuHLg/h6ujA=
72,154,CguJijMleCPoUadOdaLVMbSwK0g=,rwXfBk5GKjhv2k+zHuHLg/h6ujA=
71,154,CguJijMleCPoUadOdaLVMbSwK0g=,rwXfBk5GKjhv2k+zHuHLg/h6ujA=
70,154,CguJijMleCPoUadOdaLVMbSwK0g=,rwXfBk5GKjhv2k+zHuHLg/h6ujA=
74,154,CguJijMleCPoUadOdaLVMbSwK0g=,rwXfBk5GKjhv2k+zHuHLg/h6ujA=
64,144,CguJijMleCPoUadOdaLVMbSwK0g=,rwXfBk5GKjhv2k+zHuHLg/h6ujA=
78,154,CguJijMleCPoUadOdaLVMbSwK0g=,rwXfBk5GKjhv2k+zHuHLg/h6ujA=
77,154,CguJijMleCPoUadOdaLVMbSwK0g=,rwXfBk5GKjhv2k+zHuHLg/h6ujA=
76,154,CguJijMleCPoUadOdaLVMbSwK0g=,rwXfBk5GKjhv2k+zHuHLg/h6ujA=
75,154,CguJijMleCPoUadOdaLVMbSwK0g=,rwXfBk5GKjhv2k+zHuHLg/h6ujA=
79,154,CguJijMleCPoUadOdaLVMbSwK0g=,rwXfBk5GKjhv2k+zHuHLg/h6ujA=
69,154,CguJijMleCPoUadOdaLVMbSwK0g=,rwXfBk5GKjhv2k+zHuHLg/h6ujA=
68,154,CguJijMleCPoUadOdaLVMbSwK0g=,rwXfBk5GKjhv2k+zHuHLg/h6ujA=
66,154,CguJijMleCPoUadOdaLVMbSwK0g=,rwXfBk5GKjhv2k+zHuHLg/h6ujA=
65,154,CguJijMleCPoUadOdaLVMbSwK0g=,rwXfBk5GKjhv2k+zHuHLg/h6ujA=
78,146,CguJijMleCPoUadOdaLVMbSwK0g=,rwXfBk5GKjhv2k+zHuHLg/h6ujA=
77,144,CguJijMleCPoUadOdaLVMbSwK0g=,rwXfBk5GKjhv2k+zHuHLg/h6ujA=
67,154,CguJijMleCPoUadOdaLVMbSwK0g=,rwXfBk5GKjhv2k+zHuHLg/h6ujA=
64,154,CguJijMleCPoUadOdaLVMbSwK0g=,rwXfBk5GKjhv2k+zHuHLg/h6ujA=
73,153,CguJijMleCPoUadOdaLVMbSwK0g=,rwXfBk5GKjhv2k+zHuHLg/h6ujA=
72,153,CguJijMleCPoUadOdaLVMbSwK0g=,rwXfBk5GKjhv2k+zHuHLg/h6ujA=
71,153,CguJijMleCPoUadOdaLVMbSwK0g=,rwXfBk5GKjhv2k+zHuHLg/h6ujA=
74,153,CguJijMleCPoUadOdaLVMbSwK0g=,rwXfBk5GKjhv2k+zHuHLg/h6ujA=
70,153,CguJijMleCPoUadOdaLVMbSwK0g=,rwXfBk5GKjhv2k+zHuHLg/h6ujA=
75,153,CguJijMleCPoUadOdaLVMbSwK0g=,rwXfBk5GKjhv2k+zHuHLg/h6ujA=
76,153,CguJijMleCPoUadOdaLVMbSwK0g=,rwXfBk5GKjhv2k+zHuHLg/h6ujA=
76,144,CguJijMleCPoUadOdaLVMbSwK0g=,rwXfBk5GKjhv2k+zHuHLg/h6ujA=
77,145,CguJijMleCPoUadOdaLVMbSwK0g=,rwXfBk5GKjhv2k+zHuHLg/h6ujA=
79,153,CguJijMleCPoUadOdaLVMbSwK0g=,rwXfBk5GKjhv2k+zHuHLg/h6ujA=
77,146,CguJijMleCPoUadOdaLVMbSwK0g=,rwXfBk5GKjhv2k+zHuHLg/h6ujA=
78,153,CguJijMleCPoUadOdaLVMbSwK0g=,rwXfBk5GKjhv2k+zHuHLg/h6ujA=
65,153,CguJijMleCPoUadOdaLVMbSwK0g=,rwXfBk5GKjhv2k+zHuHLg/h6ujA=
77,153,CguJijMleCPoUadOdaLVMbSwK0g=,rwXfBk5GKjhv2k+zHuHLg/h6ujA=
66,153,CguJijMleCPoUadOdaLVMbSwK0g=,rwXfBk5GKjhv2k+zHuHLg/h6ujA=
69,153,CguJijMleCPoUadOdaLVMbSwK0g=,rwXfBk5GKjhv2k+zHuHLg/h6ujA=
76,145,CguJijMleCPoUadOdaLVMbSwK0g=,rwXfBk5GKjhv2k+zHuHLg/h6ujA=
68,153,CguJijMleCPoUadOdaLVMbSwK0g=,rwXfBk5GKjhv2k+zHuHLg/h6ujA=
74,152,CguJijMleCPoUadOdaLVMbSwK0g=,rwXfBk5GKjhv2k+zHuHLg/h6ujA=
73,152,CguJijMleCPoUadOdaLVMbSwK0g=,rwXfBk5GKjhv2k+zHuHLg/h6ujA=
72,152,CguJijMleCPoUadOdaLVMbSwK0g=,rwXfBk5GKjhv2k+zHuHLg/h6ujA=
71,152,CguJijMleCPoUadOdaLVMbSwK0g=,rwXfBk5GKjhv2k+zHuHLg/h6ujA=
70,152,CguJijMleCPoUadOdaLVMbSwK0g=,rwXfBk5GKjhv2k+zHuHLg/h6ujA=
64,153,CguJijMleCPoUadOdaLVMbSwK0g=,rwXfBk5GKjhv2k+zHuHLg/h6ujA=
67,153,CguJijMleCPoUadOdaLVMbSwK0g=,rwXfBk5GKjhv2k+zHuHLg/h6ujA=
79,152,CguJijMleCPoUadOdaLVMbSwK0g=,rwXfBk5GKjhv2k+zHuHLg/h6ujA=
75,152,CguJijMleCPoUadOdaLVMbSwK0g=,rwXfBk5GKjhv2k+zHuHLg/h6ujA=
76,152,CguJijMleCPoUadOdaLVMbSwK0g=,rwXfBk5GKjhv2k+zHuHLg/h6ujA=
78,152,CguJijMleCPoUadOdaLVMbSwK0g=,rwXfBk5GKjhv2k+zHuHLg/h6ujA=
76,146,CguJijMleCPoUadOdaLVMbSwK0g=,rwXfBk5GKjhv2k+zHuHLg/h6ujA=
75,144,CguJijMleCPoUadOdaLVMbSwK0g=,rwXfBk5GKjhv2k+zHuHLg/h6ujA=
65,152,CguJijMleCPoUadOdaLVMbSwK0g=,rwXfBk5GKjhv2k+zHuHLg/h6ujA=
77,152,CguJijMleCPoUadOdaLVMbSwK0g=,rwXfBk5GKjhv2k+zHuHLg/h6ujA=
66,152,CguJijMleCPoUadOdaLVMbSwK0g=,rwXfBk5GKjhv2k+zHuHLg/h6ujA=
69,152,CguJijMleCPoUadOdaLVMbSwK0g=,rwXfBk5GKjhv2k+zHuHLg/h6ujA=
64,152,CguJijMleCPoUadOdaLVMbSwK0g=,rwXfBk5GKjhv2k+zHuHLg/h6ujA=
68,152,CguJijMleCPoUadOdaLVMbSwK0g=,rwXfBk5GKjhv2k+zHuHLg/h6ujA=
74,151,CguJijMleCPoUadOdaLVMbSwK0g=,rwXfBk5GKjhv2k+zHuHLg/h6ujA=
73,151,CguJijMleCPoUadOdaLVMbSwK0g=,rwXfBk5GKjhv2k+zHuHLg/h6ujA=
72,151,CguJijMleCPoUadOdaLVMbSwK0g=,rwXfBk5GKjhv2k+zHuHLg/h6ujA=
71,151,CguJijMleCPoUadOdaLVMbSwK0g=,rwXfBk5GKjhv2k+zHuHLg/h6ujA=
67,152,CguJijMleCPoUadOdaLVMbSwK0g=,rwXfBk5GKjhv2k+zHuHLg/h6ujA=
75,145,CguJijMleCPoUadOdaLVMbSwK0g=,rwXfBk5GKjhv2k+zHuHLg/h6ujA=
70,151,CguJijMleCPoUadOdaLVMbSwK0g=,rwXfBk5GKjhv2k+zHuHLg/h6ujA=
75,146,CguJijMleCPoUadOdaLVMbSwK0g=,rwXfBk5GKjhv2k+zHuHLg/h6ujA=
75,151,CguJijMleCPoUadOdaLVMbSwK0g=,rwXfBk5GKjhv2k+zHuHLg/h6ujA=
78,151,CguJijMleCPoUadOdaLVMbSwK0g=,rwXfBk5GKjhv2k+zHuHLg/h6ujA=
74,144,CguJijMleCPoUadOdaLVMbSwK0g=,rwXfBk5GKjhv2k+zHuHLg/h6ujA=
79,151,CguJijMleCPoUadOdaLVMbSwK0g=,rwXfBk5GKjhv2k+zHuHLg/h6ujA=
74,145,CguJijMleCPoUadOdaLVMbSwK0g=,rwXfBk5GKjhv2k+zHuHLg/h6ujA=
76,151,CguJijMleCPoUadOdaLVMbSwK0g=,rwXfBk5GKjhv2k+zHuHLg/h6ujA=
69,151,CguJijMleCPoUadOdaLVMbSwK0g=,rwXfBk5GKjhv2k+zHuHLg/h6ujA=
68,151,CguJijMleCPoUadOdaLVMbSwK0g=,rwXfBk5GKjhv2k+zHuHLg/h6ujA=
77,151,CguJijMleCPoUadOdaLVMbSwK0g=,rwXfBk5GKjhv2k+zHuHLg/h6ujA=
67,151,CguJijMleCPoUadOdaLVMbSwK0g=,rwXfBk5GKjhv2k+zHuHLg/h6ujA=
64,151,CguJijMleCPoUadOdaLVMbSwK0g=,rwXfBk5GKjhv2k+zHuHLg/h6ujA=
74,150,CguJijMleCPoUadOdaLVMbSwK0g=,rwXfBk5GKjhv2k+zHuHLg/h6ujA=
73,150,CguJijMleCPoUadOdaLVMbSwK0g=,rwXfBk5GKjhv2k+zHuHLg/h6ujA=
72,150,CguJijMleCPoUadOdaLVMbSwK0g=,rwXfBk5GKjhv2k+zHuHLg/h6ujA=
71,150,CguJijMleCPoUadOdaLVMbSwK0g=,rwXfBk5GKjhv2k+zHuHLg/h6ujA=
70,150,CguJijMleCPoUadOdaLVMbSwK0g=,rwXfBk5GKjhv2k+zHuHLg/h6ujA=
65,151,CguJijMleCPoUadOdaLVMbSwK0g=,rwXfBk5GKjhv2k+zHuHLg/h6ujA=
69,150,CguJijMleCPoUadOdaLVMbSwK0g=,rwXfBk5GKjhv2k+zHuHLg/h6ujA=
75,150,CguJijMleCPoUadOdaLVMbSwK0g=,rwXfBk5GKjhv2k+zHuHLg/h6ujA=
74,146,CguJijMleCPoUadOdaLVMbSwK0g=,rwXfBk5GKjhv2k+zHuHLg/h6ujA=
73,145,CguJijMleCPoUadOdaLVMbSwK0g=,rwXfBk5GKjhv2k+zHuHLg/h6ujA=
66,151,CguJijMleCPoUadOdaLVMbSwK0g=,rwXfBk5GKjhv2k+zHuHLg/h6ujA=
65,150,CguJijMleCPoUadOdaLVMbSwK0g=,rwXfBk5GKjhv2k+zHuHLg/h6ujA=
78,150,CguJijMleCPoUadOdaLVMbSwK0g=,rwXfBk5GKjhv2k+zHuHLg/h6ujA=
79,150,CguJijMleCPoUadOdaLVMbSwK0g=,rwXfBk5GKjhv2k+zHuHLg/h6ujA=
73,144,CguJijMleCPoUadOdaLVMbSwK0g=,rwXfBk5GKjhv2k+zHuHLg/h6ujA=
68,150,CguJijMleCPoUadOdaLVMbSwK0g=,rwXfBk5GKjhv2k+zHuHLg/h6ujA=
76,150,CguJijMleCPoUadOdaLVMbSwK0g=,rwXfBk5GKjhv2k+zHuHLg/h6ujA=
64,150,CguJijMleCPoUadOdaLVMbSwK0g=,rwXfBk5GKjhv2k+zHuHLg/h6ujA=
75,149,CguJijMleCPoUadOdaLVMbSwK0g=,rwXfBk5GKjhv2k+zHuHLg/h6ujA=
74,149,CguJijMleCPoUadOdaLVMbSwK0g=,rwXfBk5GKjhv2k+zHuHLg/h6ujA=
73,149,CguJijMleCPoUadOdaLVMbSwK0g=,rwXfBk5GKjhv2k+zHuHLg/h6ujA=
72,149,CguJijMleCPoUadOdaLVMbSwK0g=,rwXfBk5GKjhv2k+zHuHLg/h6ujA=
71,149,CguJijMleCPoUadOdaLVMbSwK0g=,rwXfBk5GKjhv2k+zHuHLg/h6ujA=
70,149,CguJijMleCPoUadOdaLVMbSwK0g=,rwXfBk5GKjhv2k+zHuHLg/h6ujA=
69,149,CguJijMleCPoUadOdaLVMbSwK0g=,rwXfBk5GKjhv2k+zHuHLg/h6ujA=
76,149,CguJijMleCPoUadOdaLVMbSwK0g=,rwXfBk5GKjhv2k+zHuHLg/h6ujA=
77,150,CguJijMleCPoUadOdaLVMbSwK0g=,rwXfBk5GKjhv2k+zHuHLg/h6ujA=
67,150,CguJijMleCPoUadOdaLVMbSwK0g=,rwXfBk5GKjhv2k+zHuHLg/h6ujA=
78,149,CguJijMleCPoUadOdaLVMbSwK0g=,rwXfBk5GKjhv2k+zHuHLg/h6ujA=
77,149,CguJijMleCPoUadOdaLVMbSwK0g=,rwXfBk5GKjhv2k+zHuHLg/h6ujA=
72,145,CguJijMleCPoUadOdaLVMbSwK0g=,rwXfBk5GKjhv2k+zHuHLg/h6ujA=
73,146,CguJijMleCPoUadOdaLVMbSwK0g=,rwXfBk5GKjhv2k+zHuHLg/h6ujA=
68,149,CguJijMleCPoUadOdaLVMbSwK0g=,rwXfBk5GKjhv2k+zHuHLg/h6ujA=
65,149,CguJijMleCPoUadOdaLVMbSwK0g=,rwXfBk5GKjhv2k+zHuHLg/h6ujA=
79,149,CguJijMleCPoUadOdaLVMbSwK0g=,rwXfBk5GKjhv2k+zHuHLg/h6ujA=
66,150,CguJijMleCPoUadOdaLVMbSwK0g=,rwXfBk5GKjhv2k+zHuHLg/h6ujA=
76,148,CguJijMleCPoUadOdaLVMbSwK0g=,rwXfBk5GKjhv2k+zHuHLg/h6ujA=
75,148,CguJijMleCPoUadOdaLVMbSwK0g=,rwXfBk5GKjhv2k+zHuHLg/h6ujA=
74,148,CguJijMleCPoUadOdaLVMbSwK0g=,rwXfBk5GKjhv2k+zHuHLg/h6ujA=
73,148,CguJijMleCPoUadOdaLVMbSwK0g=,rwXfBk5GKjhv2k+zHuHLg/h6ujA=
71,148,CguJijMleCPoUadOdaLVMbSwK0g=,rwXfBk5GKjhv2k+zHuHLg/h6ujA=
72,148,CguJijMleCPoUadOdaLVMbSwK0g=,rwXfBk5GKjhv2k+zHuHLg/h6ujA=
69,148,CguJijMleCPoUadOdaLVMbSwK0g=,rwXfBk5GKjhv2k+zHuHLg/h6ujA=
70,148,CguJijMleCPoUadOdaLVMbSwK0g=,rwXfBk5GKjhv2k+zHuHLg/h6ujA=
72,144,CguJijMleCPoUadOdaLVMbSwK0g=,rwXfBk5GKjhv2k+zHuHLg/h6ujA=
77,148,CguJijMleCPoUadOdaLVMbSwK0g=,rwXfBk5GKjhv2k+zHuHLg/h6ujA=
68,148,CguJijMleCPoUadOdaLVMbSwK0g=,rwXfBk5GKjhv2k+zHuHLg/h6ujA=
78,148,CguJijMleCPoUadOdaLVMbSwK0g=,rwXfBk5GKjhv2k+zHuHLg/h6ujA=
64,149,CguJijMleCPoUadOdaLVMbSwK0g=,rwXfBk5GKjhv2k+zHuHLg/h6ujA=
72,146,CguJijMleCPoUadOdaLVMbSwK0g=,rwXfBk5GKjhv2k+zHuHLg/h6ujA=
66,149,CguJijMleCPoUadOdaLVMbSwK0g=,rwXfBk5GKjhv2k+zHuHLg/h6ujA=
79,148,CguJijMleCPoUadOdaLVMbSwK0g=,rwXfBk5GKjhv2k+zHuHLg/h6ujA=
66,148,CguJijMleCPoUadOdaLVMbSwK0g=,rwXfBk5GKjhv2k+zHuHLg/h6ujA=
65,148,CguJijMleCPoUadOdaLVMbSwK0g=,rwXfBk5GKjhv2k+zHuHLg/h6ujA=
67,148,CguJijMleCPoUadOdaLVMbSwK0g=,rwXfBk5GKjhv2k+zHuHLg/h6ujA=
67,149,CguJijMleCPoUadOdaLVMbSwK0g=,rwXfBk5GKjhv2k+zHuHLg/h6ujA=
71,146,CguJijMleCPoUadOdaLVMbSwK0g=,rwXfBk5GKjhv2k+zHuHLg/h6ujA=
77,147,CguJijMleCPoUadOdaLVMbSwK0g=,rwXfBk5GKjhv2k+zHuHLg/h6ujA=
64,148,CguJijMleCPoUadOdaLVMbSwK0g=,rwXfBk5GKjhv2k+zHuHLg/h6ujA=
76,147,CguJijMleCPoUadOdaLVMbSwK0g=,rwXfBk5GKjhv2k+zHuHLg/h6ujA=
72,147,CguJijMleCPoUadOdaLVMbSwK0g=,rwXfBk5GKjhv2k+zHuHLg/h6ujA=
70,145,CguJijMleCPoUadOdaLVMbSwK0g=,rwXfBk5GKjhv2k+zHuHLg/h6ujA=
75,147,CguJijMleCPoUadOdaLVMbSwK0g=,rwXfBk5GKjhv2k+zHuHLg/h6ujA=
71,144,CguJijMleCPoUadOdaLVMbSwK0g=,rwXfBk5GKjhv2k+zHuHLg/h6ujA=
71,145,CguJijMleCPoUadOdaLVMbSwK0g=,rwXfBk5GKjhv2k+zHuHLg/h6ujA=
74,147,CguJijMleCPoUadOdaLVMbSwK0g=,rwXfBk5GKjhv2k+zHuHLg/h6ujA=
73,147,CguJijMleCPoUadOdaLVMbSwK0g=,rwXfBk5GKjhv2k+zHuHLg/h6ujA=
78,147,CguJijMleCPoUadOdaLVMbSwK0g=,rwXfBk5GKjhv2k+zHuHLg/h6ujA=
70,144,CguJijMleCPoUadOdaLVMbSwK0g=,rwXfBk5GKjhv2k+zHuHLg/h6ujA=
79,147,CguJijMleCPoUadOdaLVMbSwK0g=,rwXfBk5GKjhv2k+zHuHLg/h6ujA=
95,156,eSFolro3FMV/AOrTsSoRnvM9daU=,rwXfBk5GKjhv2k+zHuHLg/h6ujA=
86,144,ch/6Kyi6rfv6nn4agDzo0boOgyg=,rwXfBk5GKjhv2k+zHuHLg/h6ujA=
87,146,ch/6Kyi6rfv6nn4agDzo0boOgyg=,rwXfBk5GKjhv2k+zHuHLg/h6ujA=
85,144,ch/6Kyi6rfv6nn4agDzo0boOgyg=,rwXfBk5GKjhv2k+zHuHLg/h6ujA=
93,156,ch/6Kyi6rfv6nn4agDzo0boOgyg=,rwXfBk5GKjhv2k+zHuHLg/h6ujA=
94,156,ch/6Kyi6rfv6nn4agDzo0boOgyg=,rwXfBk5GKjhv2k+zHuHLg/h6ujA=
92,156,ch/6Kyi6rfv6nn4agDzo0boOgyg=,rwXfBk5GKjhv2k+zHuHLg/h6ujA=
91,156,cFsQ2iDHXda1D+ylBofNCBctwgQ=,rwXfBk5GKjhv2k+zHuHLg/h6ujA=
88,156,cFsQ2iDHXda1D+ylBofNCBctwgQ=,rwXfBk5GKjhv2k+zHuHLg/h6ujA=
86,146,cFsQ2iDHXda1D+ylBofNCBctwgQ=,rwXfBk5GKjhv2k+zHuHLg/h6ujA=
87,156,cFsQ2iDHXda1D+ylBofNCBctwgQ=,rwXfBk5GKjhv2k+zHuHLg/h6ujA=
89,156,cFsQ2iDHXda1D+ylBofNCBctwgQ=,rwXfBk5GKjhv2k+zHuHLg/h6ujA=
84,156,cFsQ2iDHXda1D+ylBofNCBctwgQ=,rwXfBk5GKjhv2k+zHuHLg/h6ujA=
90,156,0AH2gyPEJtAMRWmMnzs0UuhZmrk=,rwXfBk5GKjhv2k+zHuHLg/h6ujA=
83,156,0AH2gyPEJtAMRWmMnzs0UuhZmrk=,rwXfBk5GKjhv2k+zHuHLg/h6ujA=
82,156,0AH2gyPEJtAMRWmMnzs0UuhZmrk=,rwXfBk5GKjhv2k+zHuHLg/h6ujA=
85,156,0AH2gyPEJtAMRWmMnzs0UuhZmrk=,rwXfBk5GKjhv2k+zHuHLg/h6ujA=
86,156,0AH2gyPEJtAMRWmMnzs0UuhZmrk=,rwXfBk5GKjhv2k+zHuHLg/h6ujA=
81,156,0AH2gyPEJtAMRWmMnzs0UuhZmrk=,rwXfBk5GKjhv2k+zHuHLg/h6ujA=
80,156,0AH2gyPEJtAMRWmMnzs0UuhZmrk=,rwXfBk5GKjhv2k+zHuHLg/h6ujA=
85,146,bcs+SvbmZ7jaiFkC/Ot9fcVRO6I=,rwXfBk5GKjhv2k+zHuHLg/h6ujA=
80,148,bcs+SvbmZ7jaiFkC/Ot9fcVRO6I=,rwXfBk5GKjhv2k+zHuHLg/h6ujA=
81,148,bcs+SvbmZ7jaiFkC/Ot9fcVRO6I=,rwXfBk5GKjhv2k+zHuHLg/h6ujA=
81,147,oU+1fQ4UWOKnafQQ/v1NnpNLTM4=,rwXfBk5GKjhv2k+zHuHLg/h6ujA=
82,145,oU+1fQ4UWOKnafQQ/v1NnpNLTM4=,rwXfBk5GKjhv2k+zHuHLg/h6ujA=
81,146,oU+1fQ4UWOKnafQQ/v1NnpNLTM4=,rwXfBk5GKjhv2k+zHuHLg/h6ujA=
82,144,oU+1fQ4UWOKnafQQ/v1NnpNLTM4=,rwXfBk5GKjhv2k+zHuHLg/h6ujA=
82,146,oU+1fQ4UWOKnafQQ/v1NnpNLTM4=,rwXfBk5GKjhv2k+zHuHLg/h6ujA=
86,145,oU+1fQ4UWOKnafQQ/v1NnpNLTM4=,rwXfBk5GKjhv2k+zHuHLg/h6ujA=
81,145,oU+1fQ4UWOKnafQQ/v1NnpNLTM4=,rwXfBk5GKjhv2k+zHuHLg/h6ujA=
80,145,oU+1fQ4UWOKnafQQ/v1NnpNLTM4=,rwXfBk5GKjhv2k+zHuHLg/h6ujA=
95,144,oU+1fQ4UWOKnafQQ/v1NnpNLTM4=,rwXfBk5GKjhv2k+zHuHLg/h6ujA=
94,144,oU+1fQ4UWOKnafQQ/v1NnpNLTM4=,rwXfBk5GKjhv2k+zHuHLg/h6ujA=
95,146,oU+1fQ4UWOKnafQQ/v1NnpNLTM4=,rwXfBk5GKjhv2k+zHuHLg/h6ujA=
94,145,oU+1fQ4UWOKnafQQ/v1NnpNLTM4=,rwXfBk5GKjhv2k+zHuHLg/h6ujA=
95,145,oU+1fQ4UWOKnafQQ/v1NnpNLTM4=,rwXfBk5GKjhv2k+zHuHLg/h6ujA=
82,148,oU+1fQ4UWOKnafQQ/v1NnpNLTM4=,rwXfBk5GKjhv2k+zHuHLg/h6ujA=
80,147,oU+1fQ4UWOKnafQQ/v1NnpNLTM4=,rwXfBk5GKjhv2k+zHuHLg/h6ujA=
95,147,oU+1fQ4UWOKnafQQ/v1NnpNLTM4=,rwXfBk5GKjhv2k+zHuHLg/h6ujA=
95,155,oU+1fQ4UWOKnafQQ/v1NnpNLTM4=,rwXfBk5GKjhv2k+zHuHLg/h6ujA=
85,147,oU+1fQ4UWOKnafQQ/v1NnpNLTM4=,rwXfBk5GKjhv2k+zHuHLg/h6ujA=
80,146,oU+1fQ4UWOKnafQQ/v1NnpNLTM4=,rwXfBk5GKjhv2k+zHuHLg/h6ujA=
93,155,oU+1fQ4UWOKnafQQ/v1NnpNLTM4=,rwXfBk5GKjhv2k+zHuHLg/h6ujA=
91,155,oU+1fQ4UWOKnafQQ/v1NnpNLTM4=,rwXfBk5GKjhv2k+zHuHLg/h6ujA=
92,155,oU+1fQ4UWOKnafQQ/v1NnpNLTM4=,rwXfBk5GKjhv2k+zHuHLg/h6ujA=
94,155,oU+1fQ4UWOKnafQQ/v1NnpNLTM4=,rwXfBk5GKjhv2k+zHuHLg/h6ujA=
90,155,oU+1fQ4UWOKnafQQ/v1NnpNLTM4=,rwXfBk5GKjhv2k+zHuHLg/h6ujA=
87,147,oU+1fQ4UWOKnafQQ/v1NnpNLTM4=,rwXfBk5GKjhv2k+zHuHLg/h6ujA=
80,144,oU+1fQ4UWOKnafQQ/v1NnpNLTM4=,rwXfBk5GKjhv2k+zHuHLg/h6ujA=
88,155,oU+1fQ4UWOKnafQQ/v1NnpNLTM4=,rwXfBk5GKjhv2k+zHuHLg/h6ujA=
85,155,oU+1fQ4UWOKnafQQ/v1NnpNLTM4=,rwXfBk5GKjhv2k+zHuHLg/h6ujA=
83,148,oU+1fQ4UWOKnafQQ/v1NnpNLTM4=,rwXfBk5GKjhv2k+zHuHLg/h6ujA=
87,155,oU+1fQ4UWOKnafQQ/v1NnpNLTM4=,rwXfBk5GKjhv2k+zHuHLg/h6ujA=
84,155,oU+1fQ4UWOKnafQQ/v1NnpNLTM4=,rwXfBk5GKjhv2k+zHuHLg/h6ujA=
81,155,oU+1fQ4UWOKnafQQ/v1NnpNLTM4=,rwXfBk5GKjhv2k+zHuHLg/h6ujA=
86,155,oU+1fQ4UWOKnafQQ/v1NnpNLTM4=,rwXfBk5GKjhv2k+zHuHLg/h6ujA=
94,146,oU+1fQ4UWOKnafQQ/v1NnpNLTM4=,rwXfBk5GKjhv2k+zHuHLg/h6ujA=
83,155,oU+1fQ4UWOKnafQQ/v1NnpNLTM4=,rwXfBk5GKjhv2k+zHuHLg/h6ujA=
89,155,oU+1fQ4UWOKnafQQ/v1NnpNLTM4=,rwXfBk5GKjhv2k+zHuHLg/h6ujA=
82,155,oU+1fQ4UWOKnafQQ/v1NnpNLTM4=,rwXfBk5GKjhv2k+zHuHLg/h6ujA=
93,144,oU+1fQ4UWOKnafQQ/v1NnpNLTM4=,rwXfBk5GKjhv2k+zHuHLg/h6ujA=
93,145,oU+1fQ4UWOKnafQQ/v1NnpNLTM4=,rwXfBk5GKjhv2k+zHuHLg/h6ujA=
80,155,oU+1fQ4UWOKnafQQ/v1NnpNLTM4=,rwXfBk5GKjhv2k+zHuHLg/h6ujA=
95,154,oU+1fQ4UWOKnafQQ/v1NnpNLTM4=,rwXfBk5GKjhv2k+zHuHLg/h6ujA=
94,154,oU+1fQ4UWOKnafQQ/v1NnpNLTM4=,rwXfBk5GKjhv2k+zHuHLg/h6ujA=
83,145,oU+1fQ4UWOKnafQQ/v1NnpNLTM4=,rwXfBk5GKjhv2k+zHuHLg/h6ujA=
93,154,oU+1fQ4UWOKnafQQ/v1NnpNLTM4=,rwXfBk5GKjhv2k+zHuHLg/h6ujA=
84,148,oU+1fQ4UWOKnafQQ/v1NnpNLTM4=,rwXfBk5GKjhv2k+zHuHLg/h6ujA=
91,154,oU+1fQ4UWOKnafQQ/v1NnpNLTM4=,rwXfBk5GKjhv2k+zHuHLg/h6ujA=
92,154,oU+1fQ4UWOKnafQQ/v1NnpNLTM4=,rwXfBk5GKjhv2k+zHuHLg/h6ujA=
88,154,oU+1fQ4UWOKnafQQ/v1NnpNLTM4=,rwXfBk5GKjhv2k+zHuHLg/h6ujA=
86,154,oU+1fQ4UWOKnafQQ/v1NnpNLTM4=,rwXfBk5GKjhv2k+zHuHLg/h6ujA=
89,154,oU+1fQ4UWOKnafQQ/v1NnpNLTM4=,rwXfBk5GKjhv2k+zHuHLg/h6ujA=
80,154,oU+1fQ4UWOKnafQQ/v1NnpNLTM4=,rwXfBk5GKjhv2k+zHuHLg/h6ujA=
90,154,oU+1fQ4UWOKnafQQ/v1NnpNLTM4=,rwXfBk5GKjhv2k+zHuHLg/h6ujA=
93,146,oU+1fQ4UWOKnafQQ/v1NnpNLTM4=,rwXfBk5GKjhv2k+zHuHLg/h6ujA=
87,154,oU+1fQ4UWOKnafQQ/v1NnpNLTM4=,rwXfBk5GKjhv2k+zHuHLg/h6ujA=
92,145,oU+1fQ4UWOKnafQQ/v1NnpNLTM4=,rwXfBk5GKjhv2k+zHuHLg/h6ujA=
94,147,oU+1fQ4UWOKnafQQ/v1NnpNLTM4=,rwXfBk5GKjhv2k+zHuHLg/h6ujA=
92,144,oU+1fQ4UWOKnafQQ/v1NnpNLTM4=,rwXfBk5GKjhv2k+zHuHLg/h6ujA=
81,154,oU+1fQ4UWOKnafQQ/v1NnpNLTM4=,rwXfBk5GKjhv2k+zHuHLg/h6ujA=
85,148,oU+1fQ4UWOKnafQQ/v1NnpNLTM4=,rwXfBk5GKjhv2k+zHuHLg/h6ujA=
84,154,oU+1fQ4UWOKnafQQ/v1NnpNLTM4=,rwXfBk5GKjhv2k+zHuHLg/h6ujA=
85,154,oU+1fQ4UWOKnafQQ/v1NnpNLTM4=,rwXfBk5GKjhv2k+zHuHLg/h6ujA=
82,154,oU+1fQ4UWOKnafQQ/v1NnpNLTM4=,rwXfBk5GKjhv2k+zHuHLg/h6ujA=
83,154,oU+1fQ4UWOKnafQQ/v1NnpNLTM4=,rwXfBk5GKjhv2k+zHuHLg/h6ujA=
87,153,oU+1fQ4UWOKnafQQ/v1NnpNLTM4=,rwXfBk5GKjhv2k+zHuHLg/h6ujA=
95,153,oU+1fQ4UWOKnafQQ/v1NnpNLTM4=,rwXfBk5GKjhv2k+zHuHLg/h6ujA=
92,153,oU+1fQ4UWOKnafQQ/v1NnpNLTM4=,rwXfBk5GKjhv2k+zHuHLg/h6ujA=
94,153,oU+1fQ4UWOKnafQQ/v1NnpNLTM4=,rwXfBk5GKjhv2k+zHuHLg/h6ujA=
88,153,oU+1fQ4UWOKnafQQ/v1NnpNLTM4=,rwXfBk5GKjhv2k+zHuHLg/h6ujA=
93,153,oU+1fQ4UWOKnafQQ/v1NnpNLTM4=,rwXfBk5GKjhv2k+zHuHLg/h6ujA=
86,153,oU+1fQ4UWOKnafQQ/v1NnpNLTM4=,rwXfBk5GKjhv2k+zHuHLg/h6ujA=
86,148,oU+1fQ4UWOKnafQQ/v1NnpNLTM4=,rwXfBk5GKjhv2k+zHuHLg/h6ujA=
83,146,oU+1fQ4UWOKnafQQ/v1NnpNLTM4=,rwXfBk5GKjhv2k+zHuHLg/h6ujA=
90,153,oU+1fQ4UWOKnafQQ/v1NnpNLTM4=,rwXfBk5GKjhv2k+zHuHLg/h6ujA=
91,153,oU+1fQ4UWOKnafQQ/v1NnpNLTM4=,rwXfBk5GKjhv2k+zHuHLg/h6ujA=
80,153,oU+1fQ4UWOKnafQQ/v1NnpNLTM4=,rwXfBk5GKjhv2k+zHuHLg/h6ujA=
89,153,oU+1fQ4UWOKnafQQ/v1NnpNLTM4=,rwXfBk5GKjhv2k+zHuHLg/h6ujA=
92,146,oU+1fQ4UWOKnafQQ/v1NnpNLTM4=,rwXfBk5GKjhv2k+zHuHLg/h6ujA=
91,144,oU+1fQ4UWOKnafQQ/v1NnpNLTM4=,rwXfBk5GKjhv2k+zHuHLg/h6ujA=
83,153,oU+1fQ4UWOKnafQQ/v1NnpNLTM4=,rwXfBk5GKjhv2k+zHuHLg/h6ujA=
85,153,oU+1fQ4UWOKnafQQ/v1NnpNLTM4=,rwXfBk5GKjhv2k+zHuHLg/h6ujA=
91,145,oU+1fQ4UWOKnafQQ/v1NnpNLTM4=,rwXfBk5GKjhv2k+zHuHLg/h6ujA=
82,153,oU+1fQ4UWOKnafQQ/v1NnpNLTM4=,rwXfBk5GKjhv2k+zHuHLg/h6ujA=
93,147,oU+1fQ4UWOKnafQQ/v1NnpNLTM4=,rwXfBk5GKjhv2k+zHuHLg/h6ujA=
84,153,oU+1fQ4UWOKnafQQ/v1NnpNLTM4=,rwXfBk5GKjhv2k+zHuHLg/h6ujA=
95,152,oU+1fQ4UWOKnafQQ/v1NnpNLTM4=,rwXfBk5GKjhv2k+zHuHLg/h6ujA=
87,148,oU+1fQ4UWOKnafQQ/v1NnpNLTM4=,rwXfBk5GKjhv2k+zHuHLg/h6ujA=
81,153,oU+1fQ4UWOKnafQQ/v1NnpNLTM4=,rwXfBk5GKjhv2k+zHuHLg/h6ujA=
94,152,oU+1fQ4UWOKnafQQ/v1NnpNLTM4=,rwXfBk5GKjhv2k+zHuHLg/h6ujA=
88,148,oU+1fQ4UWOKnafQQ/v1NnpNLTM4=,rwXfBk5GKjhv2k+zHuHLg/h6ujA=
87,152,oU+1fQ4UWOKnafQQ/v1NnpNLTM4=,rwXfBk5GKjhv2k+zHuHLg/h6ujA=
89,152,oU+1fQ4UWOKnafQQ/v1NnpNLTM4=,rwXfBk5GKjhv2k+zHuHLg/h6ujA=
93,152,oU+1fQ4UWOKnafQQ/v1NnpNLTM4=,rwXfBk5GKjhv2k+zHuHLg/h6ujA=
88,152,oU+1fQ4UWOKnafQQ/v1NnpNLTM4=,rwXfBk5GKjhv2k+zHuHLg/h6ujA=
86,147,oU+1fQ4UWOKnafQQ/v1NnpNLTM4=,rwXfBk5GKjhv2k+zHuHLg/h6ujA=
90,152,oU+1fQ4UWOKnafQQ/v1NnpNLTM4=,rwXfBk5GKjhv2k+zHuHLg/h6ujA=
84,146,oU+1fQ4UWOKnafQQ/v1NnpNLTM4=,rwXfBk5GKjhv2k+zHuHLg/h6ujA=
83,144,oU+1fQ4UWOKnafQQ/v1NnpNLTM4=,rwXfBk5GKjhv2k+zHuHLg/h6ujA=
91,152,oU+1fQ4UWOKnafQQ/v1NnpNLTM4=,rwXfBk5GKjhv2k+zHuHLg/h6ujA=
89,148,oU+1fQ4UWOKnafQQ/v1NnpNLTM4=,rwXfBk5GKjhv2k+zHuHLg/h6ujA=
92,152,oU+1fQ4UWOKnafQQ/v1NnpNLTM4=,rwXfBk5GKjhv2k+zHuHLg/h6ujA=
91,146,oU+1fQ4UWOKnafQQ/v1NnpNLTM4=,rwXfBk5GKjhv2k+zHuHLg/h6ujA=
90,144,oU+1fQ4UWOKnafQQ/v1NnpNLTM4=,rwXfBk5GKjhv2k+zHuHLg/h6ujA=
90,145,oU+1fQ4UWOKnafQQ/v1NnpNLTM4=,rwXfBk5GKjhv2k+zHuHLg/h6ujA=
86,152,oU+1fQ4UWOKnafQQ/v1NnpNLTM4=,rwXfBk5GKjhv2k+zHuHLg/h6ujA=
82,152,oU+1fQ4UWOKnafQQ/v1NnpNLTM4=,rwXfBk5GKjhv2k+zHuHLg/h6ujA=
81,152,oU+1fQ4UWOKnafQQ/v1NnpNLTM4=,rwXfBk5GKjhv2k+zHuHLg/h6ujA=
90,148,oU+1fQ4UWOKnafQQ/v1NnpNLTM4=,rwXfBk5GKjhv2k+zHuHLg/h6ujA=
85,152,oU+1fQ4UWOKnafQQ/v1NnpNLTM4=,rwXfBk5GKjhv2k+zHuHLg/h6ujA=
83,152,oU+1fQ4UWOKnafQQ/v1NnpNLTM4=,rwXfBk5GKjhv2k+zHuHLg/h6ujA=
95,151,oU+1fQ4UWOKnafQQ/v1NnpNLTM4=,rwXfBk5GKjhv2k+zHuHLg/h6ujA=
84,152,oU+1fQ4UWOKnafQQ/v1NnpNLTM4=,rwXfBk5GKjhv2k+zHuHLg/h6ujA=
91,148,oU+1fQ4UWOKnafQQ/v1NnpNLTM4=,rwXfBk5GKjhv2k+zHuHLg/h6ujA=
84,144,oU+1fQ4UWOKnafQQ/v1NnpNLTM4=,rwXfBk5GKjhv2k+zHuHLg/h6ujA=
94,151,oU+1fQ4UWOKnafQQ/v1NnpNLTM4=,rwXfBk5GKjhv2k+zHuHLg/h6ujA=
80,152,oU+1fQ4UWOKnafQQ/v1NnpNLTM4=,rwXfBk5GKjhv2k+zHuHLg/h6ujA=
87,151,oU+1fQ4UWOKnafQQ/v1NnpNLTM4=,rwXfBk5GKjhv2k+zHuHLg/h6ujA=
92,147,oU+1fQ4UWOKnafQQ/v1NnpNLTM4=,rwXfBk5GKjhv2k+zHuHLg/h6ujA=
93,151,oU+1fQ4UWOKnafQQ/v1NnpNLTM4=,rwXfBk5GKjhv2k+zHuHLg/h6ujA=
92,148,oU+1fQ4UWOKnafQQ/v1NnpNLTM4=,rwXfBk5GKjhv2k+zHuHLg/h6ujA=
90,151,oU+1fQ4UWOKnafQQ/v1NnpNLTM4=,rwXfBk5GKjhv2k+zHuHLg/h6ujA=
92,151,oU+1fQ4UWOKnafQQ/v1NnpNLTM4=,rwXfBk5GKjhv2k+zHuHLg/h6ujA=
91,151,oU+1fQ4UWOKnafQQ/v1NnpNLTM4=,rwXfBk5GKjhv2k+zHuHLg/h6ujA=
88,151,oU+1fQ4UWOKnafQQ/v1NnpNLTM4=,rwXfBk5GKjhv2k+zHuHLg/h6ujA=
93,148,oU+1fQ4UWOKnafQQ/v1NnpNLTM4=,rwXfBk5GKjhv2k+zHuHLg/h6ujA=
85,151,oU+1fQ4UWOKnafQQ/v1NnpNLTM4=,rwXfBk5GKjhv2k+zHuHLg/h6ujA=
90,146,oU+1fQ4UWOKnafQQ/v1NnpNLTM4=,rwXfBk5GKjhv2k+zHuHLg/h6ujA=
89,151,oU+1fQ4UWOKnafQQ/v1NnpNLTM4=,rwXfBk5GKjhv2k+zHuHLg/h6ujA=
89,144,oU+1fQ4UWOKnafQQ/v1NnpNLTM4=,rwXfBk5GKjhv2k+zHuHLg/h6ujA=
83,151,oU+1fQ4UWOKnafQQ/v1NnpNLTM4=,rwXfBk5GKjhv2k+zHuHLg/h6ujA=
89,145,oU+1fQ4UWOKnafQQ/v1NnpNLTM4=,rwXfBk5GKjhv2k+zHuHLg/h6ujA=
82,151,oU+1fQ4UWOKnafQQ/v1NnpNLTM4=,rwXfBk5GKjhv2k+zHuHLg/h6ujA=
88,147,oU+1fQ4UWOKnafQQ/v1NnpNLTM4=,rwXfBk5GKjhv2k+zHuHLg/h6ujA=
86,151,oU+1fQ4UWOKnafQQ/v1NnpNLTM4=,rwXfBk5GKjhv2k+zHuHLg/h6ujA=
84,151,oU+1fQ4UWOKnafQQ/v1NnpNLTM4=,rwXfBk5GKjhv2k+zHuHLg/h6ujA=
95,150,oU+1fQ4UWOKnafQQ/v1NnpNLTM4=,rwXfBk5GKjhv2k+zHuHLg/h6ujA=
84,145,oU+1fQ4UWOKnafQQ/v1NnpNLTM4=,rwXfBk5GKjhv2k+zHuHLg/h6ujA=
94,150,oU+1fQ4UWOKnafQQ/v1NnpNLTM4=,rwXfBk5GKjhv2k+zHuHLg/h6ujA=
93,150,oU+1fQ4UWOKnafQQ/v1NnpNLTM4=,rwXfBk5GKjhv2k+zHuHLg/h6ujA=
81,151,oU+1fQ4UWOKnafQQ/v1NnpNLTM4=,rwXfBk5GKjhv2k+zHuHLg/h6ujA=
92,150,oU+1fQ4UWOKnafQQ/v1NnpNLTM4=,rwXfBk5GKjhv2k+zHuHLg/h6ujA=
94,148,oU+1fQ4UWOKnafQQ/v1NnpNLTM4=,rwXfBk5GKjhv2k+zHuHLg/h6ujA=
80,151,oU+1fQ4UWOKnafQQ/v1NnpNLTM4=,rwXfBk5GKjhv2k+zHuHLg/h6ujA=
91,150,oU+1fQ4UWOKnafQQ/v1NnpNLTM4=,rwXfBk5GKjhv2k+zHuHLg/h6ujA=
88,150,oU+1fQ4UWOKnafQQ/v1NnpNLTM4=,rwXfBk5GKjhv2k+zHuHLg/h6ujA=
87,150,oU+1fQ4UWOKnafQQ/v1NnpNLTM4=,rwXfBk5GKjhv2k+zHuHLg/h6ujA=
90,150,oU+1fQ4UWOKnafQQ/v1NnpNLTM4=,rwXfBk5GKjhv2k+zHuHLg/h6ujA=
89,150,oU+1fQ4UWOKnafQQ/v1NnpNLTM4=,rwXfBk5GKjhv2k+zHuHLg/h6ujA=
85,145,oU+1fQ4UWOKnafQQ/v1NnpNLTM4=,rwXfBk5GKjhv2k+zHuHLg/h6ujA=
89,147,oU+1fQ4UWOKnafQQ/v1NnpNLTM4=,rwXfBk5GKjhv2k+zHuHLg/h6ujA=
84,150,oU+1fQ4UWOKnafQQ/v1NnpNLTM4=,rwXfBk5GKjhv2k+zHuHLg/h6ujA=
86,150,oU+1fQ4UWOKnafQQ/v1NnpNLTM4=,rwXfBk5GKjhv2k+zHuHLg/h6ujA=
88,145,oU+1fQ4UWOKnafQQ/v1NnpNLTM4=,rwXfBk5GKjhv2k+zHuHLg/h6ujA=
88,144,oU+1fQ4UWOKnafQQ/v1NnpNLTM4=,rwXfBk5GKjhv2k+zHuHLg/h6ujA=
85,150,oU+1fQ4UWOKnafQQ/v1NnpNLTM4=,rwXfBk5GKjhv2k+zHuHLg/h6ujA=
89,146,oU+1fQ4UWOKnafQQ/v1NnpNLTM4=,rwXfBk5GKjhv2k+zHuHLg/h6ujA=
95,148,oU+1fQ4UWOKnafQQ/v1NnpNLTM4=,rwXfBk5GKjhv2k+zHuHLg/h6ujA=
82,150,oU+1fQ4UWOKnafQQ/v1NnpNLTM4=,rwXfBk5GKjhv2k+zHuHLg/h6ujA=
82,147,oU+1fQ4UWOKnafQQ/v1NnpNLTM4=,rwXfBk5GKjhv2k+zHuHLg/h6ujA=
83,150,oU+1fQ4UWOKnafQQ/v1NnpNLTM4=,rwXfBk5GKjhv2k+zHuHLg/h6ujA=
87,145,oU+1fQ4UWOKnafQQ/v1NnpNLTM4=,rwXfBk5GKjhv2k+zHuHLg/h6ujA=
83,147,oU+1fQ4UWOKnafQQ/v1NnpNLTM4=,rwXfBk5GKjhv2k+zHuHLg/h6ujA=
81,144,oU+1fQ4UWOKnafQQ/v1NnpNLTM4=,rwXfBk5GKjhv2k+zHuHLg/h6ujA=
91,149,oU+1fQ4UWOKnafQQ/v1NnpNLTM4=,rwXfBk5GKjhv2k+zHuHLg/h6ujA=
95,149,oU+1fQ4UWOKnafQQ/v1NnpNLTM4=,rwXfBk5GKjhv2k+zHuHLg/h6ujA=
92,149,oU+1fQ4UWOKnafQQ/v1NnpNLTM4=,rwXfBk5GKjhv2k+zHuHLg/h6ujA=
94,149,oU+1fQ4UWOKnafQQ/v1NnpNLTM4=,rwXfBk5GKjhv2k+zHuHLg/h6ujA=
93,149,oU+1fQ4UWOKnafQQ/v1NnpNLTM4=,rwXfBk5GKjhv2k+zHuHLg/h6ujA=
91,147,oU+1fQ4UWOKnafQQ/v1NnpNLTM4=,rwXfBk5GKjhv2k+zHuHLg/h6ujA=
87,149,oU+1fQ4UWOKnafQQ/v1NnpNLTM4=,rwXfBk5GKjhv2k+zHuHLg/h6ujA=
88,149,oU+1fQ4UWOKnafQQ/v1NnpNLTM4=,rwXfBk5GKjhv2k+zHuHLg/h6ujA=
86,149,oU+1fQ4UWOKnafQQ/v1NnpNLTM4=,rwXfBk5GKjhv2k+zHuHLg/h6ujA=
90,147,oU+1fQ4UWOKnafQQ/v1NnpNLTM4=,rwXfBk5GKjhv2k+zHuHLg/h6ujA=
81,150,oU+1fQ4UWOKnafQQ/v1NnpNLTM4=,rwXfBk5GKjhv2k+zHuHLg/h6ujA=
88,146,oU+1fQ4UWOKnafQQ/v1NnpNLTM4=,rwXfBk5GKjhv2k+zHuHLg/h6ujA=
90,149,oU+1fQ4UWOKnafQQ/v1NnpNLTM4=,rwXfBk5GKjhv2k+zHuHLg/h6ujA=
87,144,oU+1fQ4UWOKnafQQ/v1NnpNLTM4=,rwXfBk5GKjhv2k+zHuHLg/h6ujA=
80,149,oU+1fQ4UWOKnafQQ/v1NnpNLTM4=,rwXfBk5GKjhv2k+zHuHLg/h6ujA=
80,150,oU+1fQ4UWOKnafQQ/v1NnpNLTM4=,rwXfBk5GKjhv2k+zHuHLg/h6ujA=
81,149,oU+1fQ4UWOKnafQQ/v1NnpNLTM4=,rwXfBk5GKjhv2k+zHuHLg/h6ujA=
89,149,oU+1fQ4UWOKnafQQ/v1NnpNLTM4=,rwXfBk5GKjhv2k+zHuHLg/h6ujA=
85,149,oU+1fQ4UWOKnafQQ/v1NnpNLTM4=,rwXfBk5GKjhv2k+zHuHLg/h6ujA=
84,147,oU+1fQ4UWOKnafQQ/v1NnpNLTM4=,rwXfBk5GKjhv2k+zHuHLg/h6ujA=
83,149,oU+1fQ4UWOKnafQQ/v1NnpNLTM4=,rwXfBk5GKjhv2k+zHuHLg/h6ujA=
84,149,oU+1fQ4UWOKnafQQ/v1NnpNLTM4=,rwXfBk5GKjhv2k+zHuHLg/h6ujA=
82,149,oU+1fQ4UWOKnafQQ/v1NnpNLTM4=,rwXfBk5GKjhv2k+zHuHLg/h6ujA=
91,141,oXmmt40sdgE6zJkOiFh/bMALYuM=,rwXfBk5GKjhv2k+zHuHLg/h6ujA=
88,141,DaSXLv9ajl22OaM6ivENoDi1yXo=,rwXfBk5GKjhv2k+zHuHLg/h6ujA=
93,141,DaSXLv9ajl22OaM6ivENoDi1yXo=,rwXfBk5GKjhv2k+zHuHLg/h6ujA=
85,141,DaSXLv9ajl22OaM6ivENoDi1yXo=,rwXfBk5GKjhv2k+zHuHLg/h6ujA=
87,141,eyVAAB0aK1g4m0DZPJDXFa3Zo9Q=,rwXfBk5GKjhv2k+zHuHLg/h6ujA=
90,141,eyVAAB0aK1g4m0DZPJDXFa3Zo9Q=,rwXfBk5GKjhv2k+zHuHLg/h6ujA=
86,141,eyVAAB0aK1g4m0DZPJDXFa3Zo9Q=,rwXfBk5GKjhv2k+zHuHLg/h6ujA=
89,141,ZgWhrjXRwZ7nmhKbP/rtLw3eLLg=,rwXfBk5GKjhv2k+zHuHLg/h6ujA=
92,141,ZgWhrjXRwZ7nmhKbP/rtLw3eLLg=,rwXfBk5GKjhv2k+zHuHLg/h6ujA=
95,143,ZgWhrjXRwZ7nmhKbP/rtLw3eLLg=,rwXfBk5GKjhv2k+zHuHLg/h6ujA=
94,143,ZgWhrjXRwZ7nmhKbP/rtLw3eLLg=,rwXfBk5GKjhv2k+zHuHLg/h6ujA=
91,143,5wtjtwHpme+qPcydHShU4pn1bRw=,rwXfBk5GKjhv2k+zHuHLg/h6ujA=
92,143,5wtjtwHpme+qPcydHShU4pn1bRw=,rwXfBk5GKjhv2k+zHuHLg/h6ujA=
93,143,5wtjtwHpme+qPcydHShU4pn1bRw=,rwXfBk5GKjhv2k+zHuHLg/h6ujA=
90,143,5wtjtwHpme+qPcydHShU4pn1bRw=,rwXfBk5GKjhv2k+zHuHLg/h6ujA=
84,130,UAnu/1EFjimIAS5Yeyx2Ijj5sI0=,rwXfBk5GKjhv2k+zHuHLg/h6ujA=
87,143,UAnu/1EFjimIAS5Yeyx2Ijj5sI0=,rwXfBk5GKjhv2k+zHuHLg/h6ujA=
88,143,UAnu/1EFjimIAS5Yeyx2Ijj5sI0=,rwXfBk5GKjhv2k+zHuHLg/h6ujA=
89,143,kvTxEHKW/Jb8VSZSWI0xR5toyQ0=,rwXfBk5GKjhv2k+zHuHLg/h6ujA=
84,141,kvTxEHKW/Jb8VSZSWI0xR5toyQ0=,rwXfBk5GKjhv2k+zHuHLg/h6ujA=
82,143,kvTxEHKW/Jb8VSZSWI0xR5toyQ0=,rwXfBk5GKjhv2k+zHuHLg/h6ujA=
86,143,kvTxEHKW/Jb8VSZSWI0xR5toyQ0=,rwXfBk5GKjhv2k+zHuHLg/h6ujA=
83,143,kvTxEHKW/Jb8VSZSWI0xR5toyQ0=,rwXfBk5GKjhv2k+zHuHLg/h6ujA=
85,143,kvTxEHKW/Jb8VSZSWI0xR5toyQ0=,rwXfBk5GKjhv2k+zHuHLg/h6ujA=
95,140,kvTxEHKW/Jb8VSZSWI0xR5toyQ0=,rwXfBk5GKjhv2k+zHuHLg/h6ujA=
95,142,kvTxEHKW/Jb8VSZSWI0xR5toyQ0=,rwXfBk5GKjhv2k+zHuHLg/h6ujA=
82,141,kvTxEHKW/Jb8VSZSWI0xR5toyQ0=,rwXfBk5GKjhv2k+zHuHLg/h6ujA=
81,141,kvTxEHKW/Jb8VSZSWI0xR5toyQ0=,rwXfBk5GKjhv2k+zHuHLg/h6ujA=
94,140,kvTxEHKW/Jb8VSZSWI0xR5toyQ0=,rwXfBk5GKjhv2k+zHuHLg/h6ujA=
84,143,kvTxEHKW/Jb8VSZSWI0xR5toyQ0=,rwXfBk5GKjhv2k+zHuHLg/h6ujA=
92,142,kvTxEHKW/Jb8VSZSWI0xR5toyQ0=,rwXfBk5GKjhv2k+zHuHLg/h6ujA=
94,142,kvTxEHKW/Jb8VSZSWI0xR5toyQ0=,rwXfBk5GKjhv2k+zHuHLg/h6ujA=
81,143,kvTxEHKW/Jb8VSZSWI0xR5toyQ0=,rwXfBk5GKjhv2k+zHuHLg/h6ujA=
93,142,kvTxEHKW/Jb8VSZSWI0xR5toyQ0=,rwXfBk5GKjhv2k+zHuHLg/h6ujA=
90,142,kvTxEHKW/Jb8VSZSWI0xR5toyQ0=,rwXfBk5GKjhv2k+zHuHLg/h6ujA=
91,142,kvTxEHKW/Jb8VSZSWI0xR5toyQ0=,rwXfBk5GKjhv2k+zHuHLg/h6ujA=
83,141,kvTxEHKW/Jb8VSZSWI0xR5toyQ0=,rwXfBk5GKjhv2k+zHuHLg/h6ujA=
89,142,kvTxEHKW/Jb8VSZSWI0xR5toyQ0=,rwXfBk5GKjhv2k+zHuHLg/h6ujA=
86,142,kvTxEHKW/Jb8VSZSWI0xR5toyQ0=,rwXfBk5GKjhv2k+zHuHLg/h6ujA=
88,142,kvTxEHKW/Jb8VSZSWI0xR5toyQ0=,rwXfBk5GKjhv2k+zHuHLg/h6ujA=
87,142,kvTxEHKW/Jb8VSZSWI0xR5toyQ0=,rwXfBk5GKjhv2k+zHuHLg/h6ujA=
85,142,kvTxEHKW/Jb8VSZSWI0xR5toyQ0=,rwXfBk5GKjhv2k+zHuHLg/h6ujA=
92,140,kvTxEHKW/Jb8VSZSWI0xR5toyQ0=,rwXfBk5GKjhv2k+zHuHLg/h6ujA=
93,140,kvTxEHKW/Jb8VSZSWI0xR5toyQ0=,rwXfBk5GKjhv2k+zHuHLg/h6ujA=
80,141,kvTxEHKW/Jb8VSZSWI0xR5toyQ0=,rwXfBk5GKjhv2k+zHuHLg/h6ujA=
83,142,kvTxEHKW/Jb8VSZSWI0xR5toyQ0=,rwXfBk5GKjhv2k+zHuHLg/h6ujA=
84,142,kvTxEHKW/Jb8VSZSWI0xR5toyQ0=,rwXfBk5GKjhv2k+zHuHLg/h6ujA=
81,128,kvTxEHKW/Jb8VSZSWI0xR5toyQ0=,rwXfBk5GKjhv2k+zHuHLg/h6ujA=
85,130,kvTxEHKW/Jb8VSZSWI0xR5toyQ0=,rwXfBk5GKjhv2k+zHuHLg/h6ujA=
82,142,kvTxEHKW/Jb8VSZSWI0xR5toyQ0=,rwXfBk5GKjhv2k+zHuHLg/h6ujA=
87,128,kvTxEHKW/Jb8VSZSWI0xR5toyQ0=,rwXfBk5GKjhv2k+zHuHLg/h6ujA=
80,143,kvTxEHKW/Jb8VSZSWI0xR5toyQ0=,rwXfBk5GKjhv2k+zHuHLg/h6ujA=
82,128,kvTxEHKW/Jb8VSZSWI0xR5toyQ0=,rwXfBk5GKjhv2k+zHuHLg/h6ujA=
83,128,kvTxEHKW/Jb8VSZSWI0xR5toyQ0=,rwXfBk5GKjhv2k+zHuHLg/h6ujA=
80,128,kvTxEHKW/Jb8VSZSWI0xR5toyQ0=,rwXfBk5GKjhv2k+zHuHLg/h6ujA=
91,140,kvTxEHKW/Jb8VSZSWI0xR5toyQ0=,rwXfBk5GKjhv2k+zHuHLg/h6ujA=
85,128,kvTxEHKW/Jb8VSZSWI0xR5toyQ0=,rwXfBk5GKjhv2k+zHuHLg/h6ujA=
95,141,kvTxEHKW/Jb8VSZSWI0xR5toyQ0=,rwXfBk5GKjhv2k+zHuHLg/h6ujA=
90,140,kvTxEHKW/Jb8VSZSWI0xR5toyQ0=,rwXfBk5GKjhv2k+zHuHLg/h6ujA=
84,129,kvTxEHKW/Jb8VSZSWI0xR5toyQ0=,rwXfBk5GKjhv2k+zHuHLg/h6ujA=
94,141,kvTxEHKW/Jb8VSZSWI0xR5toyQ0=,rwXfBk5GKjhv2k+zHuHLg/h6ujA=
81,142,kvTxEHKW/Jb8VSZSWI0xR5toyQ0=,rwXfBk5GKjhv2k+zHuHLg/h6ujA=
86,140,kvTxEHKW/Jb8VSZSWI0xR5toyQ0=,rwXfBk5GKjhv2k+zHuHLg/h6ujA=
86,128,kvTxEHKW/Jb8VSZSWI0xR5toyQ0=,rwXfBk5GKjhv2k+zHuHLg/h6ujA=
89,140,kvTxEHKW/Jb8VSZSWI0xR5toyQ0=,rwXfBk5GKjhv2k+zHuHLg/h6ujA=
88,140,kvTxEHKW/Jb8VSZSWI0xR5toyQ0=,rwXfBk5GKjhv2k+zHuHLg/h6ujA=
87,140,kvTxEHKW/Jb8VSZSWI0xR5toyQ0=,rwXfBk5GKjhv2k+zHuHLg/h6ujA=
85,140,kvTxEHKW/Jb8VSZSWI0xR5toyQ0=,rwXfBk5GKjhv2k+zHuHLg/h6ujA=
85,129,kvTxEHKW/Jb8VSZSWI0xR5toyQ0=,rwXfBk5GKjhv2k+zHuHLg/h6ujA=
80,142,kvTxEHKW/Jb8VSZSWI0xR5toyQ0=,rwXfBk5GKjhv2k+zHuHLg/h6ujA=
95,139,kvTxEHKW/Jb8VSZSWI0xR5toyQ0=,rwXfBk5GKjhv2k+zHuHLg/h6ujA=
94,139,kvTxEHKW/Jb8VSZSWI0xR5toyQ0=,rwXfBk5GKjhv2k+zHuHLg/h6ujA=
80,140,kvTxEHKW/Jb8VSZSWI0xR5toyQ0=,rwXfBk5GKjhv2k+zHuHLg/h6ujA=
81,140,kvTxEHKW/Jb8VSZSWI0xR5toyQ0=,rwXfBk5GKjhv2k+zHuHLg/h6ujA=
93,139,kvTxEHKW/Jb8VSZSWI0xR5toyQ0=,rwXfBk5GKjhv2k+zHuHLg/h6ujA=
82,130,kvTxEHKW/Jb8VSZSWI0xR5toyQ0=,rwXfBk5GKjhv2k+zHuHLg/h6ujA=
86,130,kvTxEHKW/Jb8VSZSWI0xR5toyQ0=,rwXfBk5GKjhv2k+zHuHLg/h6ujA=
91,139,kvTxEHKW/Jb8VSZSWI0xR5toyQ0=,rwXfBk5GKjhv2k+zHuHLg/h6ujA=
92,139,kvTxEHKW/Jb8VSZSWI0xR5toyQ0=,rwXfBk5GKjhv2k+zHuHLg/h6ujA=
83,129,kvTxEHKW/Jb8VSZSWI0xR5toyQ0=,rwXfBk5GKjhv2k+zHuHLg/h6ujA=
84,140,kvTxEHKW/Jb8VSZSWI0xR5toyQ0=,rwXfBk5GKjhv2k+zHuHLg/h6ujA=
90,139,kvTxEHKW/Jb8VSZSWI0xR5toyQ0=,rwXfBk5GKjhv2k+zHuHLg/h6ujA=
83,130,kvTxEHKW/Jb8VSZSWI0xR5toyQ0=,rwXfBk5GKjhv2k+zHuHLg/h6ujA=
87,139,kvTxEHKW/Jb8VSZSWI0xR5toyQ0=,rwXfBk5GKjhv2k+zHuHLg/h6ujA=
95,129,kvTxEHKW/Jb8VSZSWI0xR5toyQ0=,rwXfBk5GKjhv2k+zHuHLg/h6ujA=
88,139,kvTxEHKW/Jb8VSZSWI0xR5toyQ0=,rwXfBk5GKjhv2k+zHuHLg/h6ujA=
94,129,kvTxEHKW/Jb8VSZSWI0xR5toyQ0=,rwXfBk5GKjhv2k+zHuHLg/h6ujA=
89,139,kvTxEHKW/Jb8VSZSWI0xR5toyQ0=,rwXfBk5GKjhv2k+zHuHLg/h6ujA=
86,139,kvTxEHKW/Jb8VSZSWI0xR5toyQ0=,rwXfBk5GKjhv2k+zHuHLg/h6ujA=
82,140,kvTxEHKW/Jb8VSZSWI0xR5toyQ0=,rwXfBk5GKjhv2k+zHuHLg/h6ujA=
84,128,kvTxEHKW/Jb8VSZSWI0xR5toyQ0=,rwXfBk5GKjhv2k+zHuHLg/h6ujA=
83,140,kvTxEHKW/Jb8VSZSWI0xR5toyQ0=,rwXfBk5GKjhv2k+zHuHLg/h6ujA=
81,129,kvTxEHKW/Jb8VSZSWI0xR5toyQ0=,rwXfBk5GKjhv2k+zHuHLg/h6ujA=
84,139,kvTxEHKW/Jb8VSZSWI0xR5toyQ0=,rwXfBk5GKjhv2k+zHuHLg/h6ujA=
80,129,kvTxEHKW/Jb8VSZSWI0xR5toyQ0=,rwXfBk5GKjhv2k+zHuHLg/h6ujA=
82,129,kvTxEHKW/Jb8VSZSWI0xR5toyQ0=,rwXfBk5GKjhv2k+zHuHLg/h6ujA=
94,138,kvTxEHKW/Jb8VSZSWI0xR5toyQ0=,rwXfBk5GKjhv2k+zHuHLg/h6ujA=
85,139,kvTxEHKW/Jb8VSZSWI0xR5toyQ0=,rwXfBk5GKjhv2k+zHuHLg/h6ujA=
82,139,kvTxEHKW/Jb8VSZSWI0xR5toyQ0=,rwXfBk5GKjhv2k+zHuHLg/h6ujA=
80,130,kvTxEHKW/Jb8VSZSWI0xR5toyQ0=,rwXfBk5GKjhv2k+zHuHLg/h6ujA=
95,138,kvTxEHKW/Jb8VSZSWI0xR5toyQ0=,rwXfBk5GKjhv2k+zHuHLg/h6ujA=
93,138,kvTxEHKW/Jb8VSZSWI0xR5toyQ0=,rwXfBk5GKjhv2k+zHuHLg/h6ujA=
92,138,kvTxEHKW/Jb8VSZSWI0xR5toyQ0=,rwXfBk5GKjhv2k+zHuHLg/h6ujA=
91,138,kvTxEHKW/Jb8VSZSWI0xR5toyQ0=,rwXfBk5GKjhv2k+zHuHLg/h6ujA=
87,130,kvTxEHKW/Jb8VSZSWI0xR5toyQ0=,rwXfBk5GKjhv2k+zHuHLg/h6ujA=
87,138,kvTxEHKW/Jb8VSZSWI0xR5toyQ0=,rwXfBk5GKjhv2k+zHuHLg/h6ujA=
81,130,kvTxEHKW/Jb8VSZSWI0xR5toyQ0=,rwXfBk5GKjhv2k+zHuHLg/h6ujA=
90,138,kvTxEHKW/Jb8VSZSWI0xR5toyQ0=,rwXfBk5GKjhv2k+zHuHLg/h6ujA=
88,138,kvTxEHKW/Jb8VSZSWI0xR5toyQ0=,rwXfBk5GKjhv2k+zHuHLg/h6ujA=
83,139,kvTxEHKW/Jb8VSZSWI0xR5toyQ0=,rwXfBk5GKjhv2k+zHuHLg/h6ujA=
93,129,kvTxEHKW/Jb8VSZSWI0xR5toyQ0=,rwXfBk5GKjhv2k+zHuHLg/h6ujA=
89,138,kvTxEHKW/Jb8VSZSWI0xR5toyQ0=,rwXfBk5GKjhv2k+zHuHLg/h6ujA=
95,128,kvTxEHKW/Jb8VSZSWI0xR5toyQ0=,rwXfBk5GKjhv2k+zHuHLg/h6ujA=
83,138,kvTxEHKW/Jb8VSZSWI0xR5toyQ0=,rwXfBk5GKjhv2k+zHuHLg/h6ujA=
84,138,kvTxEHKW/Jb8VSZSWI0xR5toyQ0=,rwXfBk5GKjhv2k+zHuHLg/h6ujA=
82,138,kvTxEHKW/Jb8VSZSWI0xR5toyQ0=,rwXfBk5GKjhv2k+zHuHLg/h6ujA=
95,137,kvTxEHKW/Jb8VSZSWI0xR5toyQ0=,rwXfBk5GKjhv2k+zHuHLg/h6ujA=
93,137,kvTxEHKW/Jb8VSZSWI0xR5toyQ0=,rwXfBk5GKjhv2k+zHuHLg/h6ujA=
81,139,kvTxEHKW/Jb8VSZSWI0xR5toyQ0=,rwXfBk5GKjhv2k+zHuHLg/h6ujA=
92,137,kvTxEHKW/Jb8VSZSWI0xR5toyQ0=,rwXfBk5GKjhv2k+zHuHLg/h6ujA=
94,137,kvTxEHKW/Jb8VSZSWI0xR5toyQ0=,rwXfBk5GKjhv2k+zHuHLg/h6ujA=
91,137,kvTxEHKW/Jb8VSZSWI0xR5toyQ0=,rwXfBk5GKjhv2k+zHuHLg/h6ujA=
85,138,kvTxEHKW/Jb8VSZSWI0xR5toyQ0=,rwXfBk5GKjhv2k+zHuHLg/h6ujA=
86,138,kvTxEHKW/Jb8VSZSWI0xR5toyQ0=,rwXfBk5GKjhv2k+zHuHLg/h6ujA=
90,137,kvTxEHKW/Jb8VSZSWI0xR5toyQ0=,rwXfBk5GKjhv2k+zHuHLg/h6ujA=
89,137,kvTxEHKW/Jb8VSZSWI0xR5toyQ0=,rwXfBk5GKjhv2k+zHuHLg/h6ujA=
92,129,kvTxEHKW/Jb8VSZSWI0xR5toyQ0=,rwXfBk5GKjhv2k+zHuHLg/h6ujA=
88,130,kvTxEHKW/Jb8VSZSWI0xR5toyQ0=,rwXfBk5GKjhv2k+zHuHLg/h6ujA=
80,139,kvTxEHKW/Jb8VSZSWI0xR5toyQ0=,rwXfBk5GKjhv2k+zHuHLg/h6ujA=
88,137,kvTxEHKW/Jb8VSZSWI0xR5toyQ0=,rwXfBk5GKjhv2k+zHuHLg/h6ujA=
94,128,kvTxEHKW/Jb8VSZSWI0xR5toyQ0=,rwXfBk5GKjhv2k+zHuHLg/h6ujA=
87,137,kvTxEHKW/Jb8VSZSWI0xR5toyQ0=,rwXfBk5GKjhv2k+zHuHLg/h6ujA=
84,137,kvTxEHKW/Jb8VSZSWI0xR5toyQ0=,rwXfBk5GKjhv2k+zHuHLg/h6ujA=
81,137,kvTxEHKW/Jb8VSZSWI0xR5toyQ0=,rwXfBk5GKjhv2k+zHuHLg/h6ujA=
80,138,kvTxEHKW/Jb8VSZSWI0xR5toyQ0=,rwXfBk5GKjhv2k+zHuHLg/h6ujA=
82,137,kvTxEHKW/Jb8VSZSWI0xR5toyQ0=,rwXfBk5GKjhv2k+zHuHLg/h6ujA=
95,136,kvTxEHKW/Jb8VSZSWI0xR5toyQ0=,rwXfBk5GKjhv2k+zHuHLg/h6ujA=
81,138,kvTxEHKW/Jb8VSZSWI0xR5toyQ0=,rwXfBk5GKjhv2k+zHuHLg/h6ujA=
93,136,kvTxEHKW/Jb8VSZSWI0xR5toyQ0=,rwXfBk5GKjhv2k+zHuHLg/h6ujA=
91,136,kvTxEHKW/Jb8VSZSWI0xR5toyQ0=,rwXfBk5GKjhv2k+zHuHLg/h6ujA=
94,136,kvTxEHKW/Jb8VSZSWI0xR5toyQ0=,rwXfBk5GKjhv2k+zHuHLg/h6ujA=
92,136,kvTxEHKW/Jb8VSZSWI0xR5toyQ0=,rwXfBk5GKjhv2k+zHuHLg/h6ujA=
83,137,kvTxEHKW/Jb8VSZSWI0xR5toyQ0=,rwXfBk5GKjhv2k+zHuHLg/h6ujA=
85,137,kvTxEHKW/Jb8VSZSWI0xR5toyQ0=,rwXfBk5GKjhv2k+zHuHLg/h6ujA=
80,137,kvTxEHKW/Jb8VSZSWI0xR5toyQ0=,rwXfBk5GKjhv2k+zHuHLg/h6ujA=
86,137,kvTxEHKW/Jb8VSZSWI0xR5toyQ0=,rwXfBk5GKjhv2k+zHuHLg/h6ujA=
91,129,kvTxEHKW/Jb8VSZSWI0xR5toyQ0=,rwXfBk5GKjhv2k+zHuHLg/h6ujA=
85,136,kvTxEHKW/Jb8VSZSWI0xR5toyQ0=,rwXfBk5GKjhv2k+zHuHLg/h6ujA=
90,136,kvTxEHKW/Jb8VSZSWI0xR5toyQ0=,rwXfBk5GKjhv2k+zHuHLg/h6ujA=
93,128,kvTxEHKW/Jb8VSZSWI0xR5toyQ0=,rwXfBk5GKjhv2k+zHuHLg/h6ujA=
89,130,kvTxEHKW/Jb8VSZSWI0xR5toyQ0=,rwXfBk5GKjhv2k+zHuHLg/h6ujA=
88,136,kvTxEHKW/Jb8VSZSWI0xR5toyQ0=,rwXfBk5GKjhv2k+zHuHLg/h6ujA=
89,136,kvTxEHKW/Jb8VSZSWI0xR5toyQ0=,rwXfBk5GKjhv2k+zHuHLg/h6ujA=
87,136,kvTxEHKW/Jb8VSZSWI0xR5toyQ0=,rwXfBk5GKjhv2k+zHuHLg/h6ujA=
93,135,kvTxEHKW/Jb8VSZSWI0xR5toyQ0=,rwXfBk5GKjhv2k+zHuHLg/h6ujA=
90,130,kvTxEHKW/Jb8VSZSWI0xR5toyQ0=,rwXfBk5GKjhv2k+zHuHLg/h6ujA=
81,136,kvTxEHKW/Jb8VSZSWI0xR5toyQ0=,rwXfBk5GKjhv2k+zHuHLg/h6ujA=
91,130,kvTxEHKW/Jb8VSZSWI0xR5toyQ0=,rwXfBk5GKjhv2k+zHuHLg/h6ujA=
86,136,kvTxEHKW/Jb8VSZSWI0xR5toyQ0=,rwXfBk5GKjhv2k+zHuHLg/h6ujA=
80,136,kvTxEHKW/Jb8VSZSWI0xR5toyQ0=,rwXfBk5GKjhv2k+zHuHLg/h6ujA=
92,135,kvTxEHKW/Jb8VSZSWI0xR5toyQ0=,rwXfBk5GKjhv2k+zHuHLg/h6ujA=
95,135,kvTxEHKW/Jb8VSZSWI0xR5toyQ0=,rwXfBk5GKjhv2k+zHuHLg/h6ujA=
83,136,kvTxEHKW/Jb8VSZSWI0xR5toyQ0=,rwXfBk5GKjhv2k+zHuHLg/h6ujA=
94,135,kvTxEHKW/Jb8VSZSWI0xR5toyQ0=,rwXfBk5GKjhv2k+zHuHLg/h6ujA=
88,128,kvTxEHKW/Jb8VSZSWI0xR5toyQ0=,rwXfBk5GKjhv2k+zHuHLg/h6ujA=
84,136,kvTxEHKW/Jb8VSZSWI0xR5toyQ0=,rwXfBk5GKjhv2k+zHuHLg/h6ujA=
82,136,kvTxEHKW/Jb8VSZSWI0xR5toyQ0=,rwXfBk5GKjhv2k+zHuHLg/h6ujA=
92,130,kvTxEHKW/Jb8VSZSWI0xR5toyQ0=,rwXfBk5GKjhv2k+zHuHLg/h6ujA=
90,129,kvTxEHKW/Jb8VSZSWI0xR5toyQ0=,rwXfBk5GKjhv2k+zHuHLg/h6ujA=
91,135,kvTxEHKW/Jb8VSZSWI0xR5toyQ0=,rwXfBk5GKjhv2k+zHuHLg/h6ujA=
90,135,kvTxEHKW/Jb8VSZSWI0xR5toyQ0=,rwXfBk5GKjhv2k+zHuHLg/h6ujA=
88,135,kvTxEHKW/Jb8VSZSWI0xR5toyQ0=,rwXfBk5GKjhv2k+zHuHLg/h6ujA=
92,128,kvTxEHKW/Jb8VSZSWI0xR5toyQ0=,rwXfBk5GKjhv2k+zHuHLg/h6ujA=
86,129,kvTxEHKW/Jb8VSZSWI0xR5toyQ0=,rwXfBk5GKjhv2k+zHuHLg/h6ujA=
89,135,kvTxEHKW/Jb8VSZSWI0xR5toyQ0=,rwXfBk5GKjhv2k+zHuHLg/h6ujA=
85,135,kvTxEHKW/Jb8VSZSWI0xR5toyQ0=,rwXfBk5GKjhv2k+zHuHLg/h6ujA=
86,135,kvTxEHKW/Jb8VSZSWI0xR5toyQ0=,rwXfBk5GKjhv2k+zHuHLg/h6ujA=
93,130,kvTxEHKW/Jb8VSZSWI0xR5toyQ0=,rwXfBk5GKjhv2k+zHuHLg/h6ujA=
87,135,kvTxEHKW/Jb8VSZSWI0xR5toyQ0=,rwXfBk5GKjhv2k+zHuHLg/h6ujA=
94,130,kvTxEHKW/Jb8VSZSWI0xR5toyQ0=,rwXfBk5GKjhv2k+zHuHLg/h6ujA=
95,130,kvTxEHKW/Jb8VSZSWI0xR5toyQ0=,rwXfBk5GKjhv2k+zHuHLg/h6ujA=
93,134,kvTxEHKW/Jb8VSZSWI0xR5toyQ0=,rwXfBk5GKjhv2k+zHuHLg/h6ujA=
84,135,kvTxEHKW/Jb8VSZSWI0xR5toyQ0=,rwXfBk5GKjhv2k+zHuHLg/h6ujA=
82,135,kvTxEHKW/Jb8VSZSWI0xR5toyQ0=,rwXfBk5GKjhv2k+zHuHLg/h6ujA=
94,134,kvTxEHKW/Jb8VSZSWI0xR5toyQ0=,rwXfBk5GKjhv2k+zHuHLg/h6ujA=
83,135,kvTxEHKW/Jb8VSZSWI0xR5toyQ0=,rwXfBk5GKjhv2k+zHuHLg/h6ujA=
81,135,kvTxEHKW/Jb8VSZSWI0xR5toyQ0=,rwXfBk5GKjhv2k+zHuHLg/h6ujA=
91,134,kvTxEHKW/Jb8VSZSWI0xR5toyQ0=,rwXfBk5GKjhv2k+zHuHLg/h6ujA=
92,134,kvTxEHKW/Jb8VSZSWI0xR5toyQ0=,rwXfBk5GKjhv2k+zHuHLg/h6ujA=
90,134,kvTxEHKW/Jb8VSZSWI0xR5toyQ0=,rwXfBk5GKjhv2k+zHuHLg/h6ujA=
80,135,kvTxEHKW/Jb8VSZSWI0xR5toyQ0=,rwXfBk5GKjhv2k+zHuHLg/h6ujA=
89,134,kvTxEHKW/Jb8VSZSWI0xR5toyQ0=,rwXfBk5GKjhv2k+zHuHLg/h6ujA=
95,134,kvTxEHKW/Jb8VSZSWI0xR5toyQ0=,rwXfBk5GKjhv2k+zHuHLg/h6ujA=
86,134,kvTxEHKW/Jb8VSZSWI0xR5toyQ0=,rwXfBk5GKjhv2k+zHuHLg/h6ujA=
88,134,kvTxEHKW/Jb8VSZSWI0xR5toyQ0=,rwXfBk5GKjhv2k+zHuHLg/h6ujA=
91,128,kvTxEHKW/Jb8VSZSWI0xR5toyQ0=,rwXfBk5GKjhv2k+zHuHLg/h6ujA=
87,134,kvTxEHKW/Jb8VSZSWI0xR5toyQ0=,rwXfBk5GKjhv2k+zHuHLg/h6ujA=
94,133,kvTxEHKW/Jb8VSZSWI0xR5toyQ0=,rwXfBk5GKjhv2k+zHuHLg/h6ujA=
80,131,kvTxEHKW/Jb8VSZSWI0xR5toyQ0=,rwXfBk5GKjhv2k+zHuHLg/h6ujA=
95,133,kvTxEHKW/Jb8VSZSWI0xR5toyQ0=,rwXfBk5GKjhv2k+zHuHLg/h6ujA=
89,129,kvTxEHKW/Jb8VSZSWI0xR5toyQ0=,rwXfBk5GKjhv2k+zHuHLg/h6ujA=
84,134,kvTxEHKW/Jb8VSZSWI0xR5toyQ0=,rwXfBk5GKjhv2k+zHuHLg/h6ujA=
87,133,kvTxEHKW/Jb8VSZSWI0xR5toyQ0=,rwXfBk5GKjhv2k+zHuHLg/h6ujA=
85,134,kvTxEHKW/Jb8VSZSWI0xR5toyQ0=,rwXfBk5GKjhv2k+zHuHLg/h6ujA=
91,133,kvTxEHKW/Jb8VSZSWI0xR5toyQ0=,rwXfBk5GKjhv2k+zHuHLg/h6ujA=
93,133,kvTxEHKW/Jb8VSZSWI0xR5toyQ0=,rwXfBk5GKjhv2k+zHuHLg/h6ujA=
82,134,kvTxEHKW/Jb8VSZSWI0xR5toyQ0=,rwXfBk5GKjhv2k+zHuHLg/h6ujA=
81,134,kvTxEHKW/Jb8VSZSWI0xR5toyQ0=,rwXfBk5GKjhv2k+zHuHLg/h6ujA=
88,133,kvTxEHKW/Jb8VSZSWI0xR5toyQ0=,rwXfBk5GKjhv2k+zHuHLg/h6ujA=
90,133,kvTxEHKW/Jb8VSZSWI0xR5toyQ0=,rwXfBk5GKjhv2k+zHuHLg/h6ujA=
95,132,kvTxEHKW/Jb8VSZSWI0xR5toyQ0=,rwXfBk5GKjhv2k+zHuHLg/h6ujA=
94,132,kvTxEHKW/Jb8VSZSWI0xR5toyQ0=,rwXfBk5GKjhv2k+zHuHLg/h6ujA=
81,131,kvTxEHKW/Jb8VSZSWI0xR5toyQ0=,rwXfBk5GKjhv2k+zHuHLg/h6ujA=
90,128,kvTxEHKW/Jb8VSZSWI0xR5toyQ0=,rwXfBk5GKjhv2k+zHuHLg/h6ujA=
83,134,kvTxEHKW/Jb8VSZSWI0xR5toyQ0=,rwXfBk5GKjhv2k+zHuHLg/h6ujA=
89,133,kvTxEHKW/Jb8VSZSWI0xR5toyQ0=,rwXfBk5GKjhv2k+zHuHLg/h6ujA=
92,133,kvTxEHKW/Jb8VSZSWI0xR5toyQ0=,rwXfBk5GKjhv2k+zHuHLg/h6ujA=
91,132,kvTxEHKW/Jb8VSZSWI0xR5toyQ0=,rwXfBk5GKjhv2k+zHuHLg/h6ujA=
80,134,kvTxEHKW/Jb8VSZSWI0xR5toyQ0=,rwXfBk5GKjhv2k+zHuHLg/h6ujA=
93,132,kvTxEHKW/Jb8VSZSWI0xR5toyQ0=,rwXfBk5GKjhv2k+zHuHLg/h6ujA=
84,133,kvTxEHKW/Jb8VSZSWI0xR5toyQ0=,rwXfBk5GKjhv2k+zHuHLg/h6ujA=
90,132,kvTxEHKW/Jb8VSZSWI0xR5toyQ0=,rwXfBk5GKjhv2k+zHuHLg/h6ujA=
82,131,kvTxEHKW/Jb8VSZSWI0xR5toyQ0=,rwXfBk5GKjhv2k+zHuHLg/h6ujA=
81,133,kvTxEHKW/Jb8VSZSWI0xR5toyQ0=,rwXfBk5GKjhv2k+zHuHLg/h6ujA=
85,133,kvTxEHKW/Jb8VSZSWI0xR5toyQ0=,rwXfBk5GKjhv2k+zHuHLg/h6ujA=
83,133,kvTxEHKW/Jb8VSZSWI0xR5toyQ0=,rwXfBk5GKjhv2k+zHuHLg/h6ujA=
86,133,kvTxEHKW/Jb8VSZSWI0xR5toyQ0=,rwXfBk5GKjhv2k+zHuHLg/h6ujA=
95,131,kvTxEHKW/Jb8VSZSWI0xR5toyQ0=,rwXfBk5GKjhv2k+zHuHLg/h6ujA=
94,131,kvTxEHKW/Jb8VSZSWI0xR5toyQ0=,rwXfBk5GKjhv2k+zHuHLg/h6ujA=
89,132,kvTxEHKW/Jb8VSZSWI0xR5toyQ0=,rwXfBk5GKjhv2k+zHuHLg/h6ujA=
82,133,kvTxEHKW/Jb8VSZSWI0xR5toyQ0=,rwXfBk5GKjhv2k+zHuHLg/h6ujA=
91,131,kvTxEHKW/Jb8VSZSWI0xR5toyQ0=,rwXfBk5GKjhv2k+zHuHLg/h6ujA=
80,133,kvTxEHKW/Jb8VSZSWI0xR5toyQ0=,rwXfBk5GKjhv2k+zHuHLg/h6ujA=
83,131,kvTxEHKW/Jb8VSZSWI0xR5toyQ0=,rwXfBk5GKjhv2k+zHuHLg/h6ujA=
83,132,kvTxEHKW/Jb8VSZSWI0xR5toyQ0=,rwXfBk5GKjhv2k+zHuHLg/h6ujA=
84,132,kvTxEHKW/Jb8VSZSWI0xR5toyQ0=,rwXfBk5GKjhv2k+zHuHLg/h6ujA=
88,132,kvTxEHKW/Jb8VSZSWI0xR5toyQ0=,rwXfBk5GKjhv2k+zHuHLg/h6ujA=
89,128,kvTxEHKW/Jb8VSZSWI0xR5toyQ0=,rwXfBk5GKjhv2k+zHuHLg/h6ujA=
87,129,kvTxEHKW/Jb8VSZSWI0xR5toyQ0=,rwXfBk5GKjhv2k+zHuHLg/h6ujA=
81,132,kvTxEHKW/Jb8VSZSWI0xR5toyQ0=,rwXfBk5GKjhv2k+zHuHLg/h6ujA=
93,131,kvTxEHKW/Jb8VSZSWI0xR5toyQ0=,rwXfBk5GKjhv2k+zHuHLg/h6ujA=
92,132,kvTxEHKW/Jb8VSZSWI0xR5toyQ0=,rwXfBk5GKjhv2k+zHuHLg/h6ujA=
88,129,kvTxEHKW/Jb8VSZSWI0xR5toyQ0=,rwXfBk5GKjhv2k+zHuHLg/h6ujA=
80,132,kvTxEHKW/Jb8VSZSWI0xR5toyQ0=,rwXfBk5GKjhv2k+zHuHLg/h6ujA=
92,131,kvTxEHKW/Jb8VSZSWI0xR5toyQ0=,rwXfBk5GKjhv2k+zHuHLg/h6ujA=
82,132,kvTxEHKW/Jb8VSZSWI0xR5toyQ0=,rwXfBk5GKjhv2k+zHuHLg/h6ujA=
85,132,kvTxEHKW/Jb8VSZSWI0xR5toyQ0=,rwXfBk5GKjhv2k+zHuHLg/h6ujA=
87,132,kvTxEHKW/Jb8VSZSWI0xR5toyQ0=,rwXfBk5GKjhv2k+zHuHLg/h6ujA=
86,132,kvTxEHKW/Jb8VSZSWI0xR5toyQ0=,rwXfBk5GKjhv2k+zHuHLg/h6ujA=
89,131,kvTxEHKW/Jb8VSZSWI0xR5toyQ0=,rwXfBk5GKjhv2k+zHuHLg/h6ujA=
88,131,kvTxEHKW/Jb8VSZSWI0xR5toyQ0=,rwXfBk5GKjhv2k+zHuHLg/h6ujA=
84,131,kvTxEHKW/Jb8VSZSWI0xR5toyQ0=,rwXfBk5GKjhv2k+zHuHLg/h6ujA=
90,131,kvTxEHKW/Jb8VSZSWI0xR5toyQ0=,rwXfBk5GKjhv2k+zHuHLg/h6ujA=
87,131,kvTxEHKW/Jb8VSZSWI0xR5toyQ0=,rwXfBk5GKjhv2k+zHuHLg/h6ujA=
86,131,kvTxEHKW/Jb8VSZSWI0xR5toyQ0=,rwXfBk5GKjhv2k+zHuHLg/h6ujA=
85,131,kvTxEHKW/Jb8VSZSWI0xR5toyQ0=,rwXfBk5GKjhv2k+zHuHLg/h6ujA=
