25,-47,DG3/RK1AvJf1bDxjZvUI21tOBvM=,rwXfBk5GKjhv2k+zHuHLg/h6ujA=
26,-47,DG3/RK1AvJf1bDxjZvUI21tOBvM=,rwXfBk5GKjhv2k+zHuHLg/h6ujA=
27,-47,DG3/RK1AvJf1bDxjZvUI21tOBvM=,rwXfBk5GKjhv2k+zHuHLg/h6ujA=
28,-47,HxnKpIG99BZ6u+7UKxFzEdV3AC8=,rwXfBk5GKjhv2k+zHuHLg/h6ujA=
30,-42,HxnKpIG99BZ6u+7UKxFzEdV3AC8=,rwXfBk5GKjhv2k+zHuHLg/h6ujA=
29,-42,HxnKpIG99BZ6u+7UKxFzEdV3AC8=,rwXfBk5GKjhv2k+zHuHLg/h6ujA=
28,-42,HxnKpIG99BZ6u+7UKxFzEdV3AC8=,rwXfBk5GKjhv2k+zHuHLg/h6ujA=
27,-42,HxnKpIG99BZ6u+7UKxFzEdV3AC8=,rwXfBk5GKjhv2k+zHuHLg/h6ujA=
26,-42,HxnKpIG99BZ6u+7UKxFzEdV3AC8=,rwXfBk5GKjhv2k+zHuHLg/h6ujA=
30,-43,HxnKpIG99BZ6u+7UKxFzEdV3AC8=,rwXfBk5GKjhv2k+zHuHLg/h6ujA=
29,-43,HxnKpIG99BZ6u+7UKxFzEdV3AC8=,rwXfBk5GKjhv2k+zHuHLg/h6ujA=
28,-43,HxnKpIG99BZ6u+7UKxFzEdV3AC8=,rwXfBk5GKjhv2k+zHuHLg/h6ujA=
27,-43,HxnKpIG99BZ6u+7UKxFzEdV3AC8=,rwXfBk5GKjhv2k+zHuHLg/h6ujA=
26,-43,HxnKpIG99BZ6u+7UKxFzEdV3AC8=,rwXfBk5GKjhv2k+zHuHLg/h6ujA=
30,-44,HxnKpIG99BZ6u+7UKxFzEdV3AC8=,rwXfBk5GKjhv2k+zHuHLg/h6ujA=
29,-44,HxnKpIG99BZ6u+7UKxFzEdV3AC8=,rwXfBk5GKjhv2k+zHuHLg/h6ujA=
28,-44,HxnKpIG99BZ6u+7UKxFzEdV3AC8=,rwXfBk5GKjhv2k+zHuHLg/h6ujA=
27,-44,HxnKpIG99BZ6u+7UKxFzEdV3AC8=,rwXfBk5GKjhv2k+zHuHLg/h6ujA=
26,-44,HxnKpIG99BZ6u+7UKxFzEdV3AC8=,rwXfBk5GKjhv2k+zHuHLg/h6ujA=
25,-44,HxnKpIG99BZ6u+7UKxFzEdV3AC8=,rwXfBk5GKjhv2k+zHuHLg/h6ujA=
30,-45,HxnKpIG99BZ6u+7UKxFzEdV3AC8=,rwXfBk5GKjhv2k+zHuHLg/h6ujA=
29,-45,HxnKpIG99BZ6u+7UKxFzEdV3AC8=,rwXfBk5GKjhv2k+zHuHLg/h6ujA=
28,-45,HxnKpIG99BZ6u+7UKxFzEdV3AC8=,rwXfBk5GKjhv2k+zHuHLg/h6ujA=
27,-45,HxnKpIG99BZ6u+7UKxFzEdV3AC8=,rwXfBk5GKjhv2k+zHuHLg/h6ujA=
26,-45,HxnKpIG99BZ6u+7UKxFzEdV3AC8=,rwXfBk5GKjhv2k+zHuHLg/h6ujA=
25,-45,HxnKpIG99BZ6u+7UKxFzEdV3AC8=,rwXfBk5GKjhv2k+zHuHLg/h6ujA=
30,-46,HxnKpIG99BZ6u+7UKxFzEdV3AC8=,rwXfBk5GKjhv2k+zHuHLg/h6ujA=
29,-46,HxnKpIG99BZ6u+7UKxFzEdV3AC8=,rwXfBk5GKjhv2k+zHuHLg/h6ujA=
28,-46,HxnKpIG99BZ6u+7UKxFzEdV3AC8=,rwXfBk5GKjhv2k+zHuHLg/h6ujA=
27,-46,HxnKpIG99BZ6u+7UKxFzEdV3AC8=,rwXfBk5GKjhv2k+zHuHLg/h6ujA=
26,-46,HxnKpIG99BZ6u+7UKxFzEdV3AC8=,rwXfBk5GKjhv2k+zHuHLg/h6ujA=
25,-46,HxnKpIG99BZ6u+7UKxFzEdV3AC8=,rwXfBk5GKjhv2k+zHuHLg/h6ujA=
30,-47,HxnKpIG99BZ6u+7UKxFzEdV3AC8=,rwXfBk5GKjhv2k+zHuHLg/h6ujA=
29,-47,XsDWA9Au4ujBleoyznh97XjklW0=,rwXfBk5GKjhv2k+zHuHLg/h6ujA=
30,-40,XsDWA9Au4ujBleoyznh97XjklW0=,rwXfBk5GKjhv2k+zHuHLg/h6ujA=
29,-41,XsDWA9Au4ujBleoyznh97XjklW0=,rwXfBk5GKjhv2k+zHuHLg/h6ujA=
28,-41,XsDWA9Au4ujBleoyznh97XjklW0=,rwXfBk5GKjhv2k+zHuHLg/h6ujA=
30,-41,XsDWA9Au4ujBleoyznh97XjklW0=,rwXfBk5GKjhv2k+zHuHLg/h6ujA=
30,-36,XsDWA9Au4ujBleoyznh97XjklW0=,rwXfBk5GKjhv2k+zHuHLg/h6ujA=
30,-37,XsDWA9Au4ujBleoyznh97XjklW0=,rwXfBk5GKjhv2k+zHuHLg/h6ujA=
26,-39,XsDWA9Au4ujBleoyznh97XjklW0=,rwXfBk5GKjhv2k+zHuHLg/h6ujA=
27,-39,XsDWA9Au4ujBleoyznh97XjklW0=,rwXfBk5GKjhv2k+zHuHLg/h6ujA=
28,-38,XsDWA9Au4ujBleoyznh97XjklW0=,rwXfBk5GKjhv2k+zHuHLg/h6ujA=
28,-39,XsDWA9Au4ujBleoyznh97XjklW0=,rwXfBk5GKjhv2k+zHuHLg/h6ujA=
29,-39,DaTK9PePm50BcnWpnB4pF3ViNbk=,rwXfBk5GKjhv2k+zHuHLg/h6ujA=
29,-38,DaTK9PePm50BcnWpnB4pF3ViNbk=,rwXfBk5GKjhv2k+zHuHLg/h6ujA=
30,-38,rY5UswNECJD+oZeXorjsINeoirE=,rwXfBk5GKjhv2k+zHuHLg/h6ujA=
26,-38,rY5UswNECJD+oZeXorjsINeoirE=,rwXfBk5GKjhv2k+zHuHLg/h6ujA=
30,-39,rY5UswNECJD+oZeXorjsINeoirE=,rwXfBk5GKjhv2k+zHuHLg/h6ujA=
28,-36,rY5UswNECJD+oZeXorjsINeoirE=,rwXfBk5GKjhv2k+zHuHLg/h6ujA=
28,-37,rY5UswNECJD+oZeXorjsINeoirE=,rwXfBk5GKjhv2k+zHuHLg/h6ujA=
28,-35,rY5UswNECJD+oZeXorjsINeoirE=,rwXfBk5GKjhv2k+zHuHLg/h6ujA=
29,-37,rY5UswNECJD+oZeXorjsINeoirE=,rwXfBk5GKjhv2k+zHuHLg/h6ujA=
27,-38,MRlGJU9ylHN0nJZAP2AGkJQitBw=,rwXfBk5GKjhv2k+zHuHLg/h6ujA=
31,-37,MRlGJU9ylHN0nJZAP2AGkJQitBw=,rwXfBk5GKjhv2k+zHuHLg/h6ujA=
31,-38,MRlGJU9ylHN0nJZAP2AGkJQitBw=,rwXfBk5GKjhv2k+zHuHLg/h6ujA=
31,-36,MRlGJU9ylHN0nJZAP2AGkJQitBw=,rwXfBk5GKjhv2k+zHuHLg/h6ujA=
31,-39,MRlGJU9ylHN0nJZAP2AGkJQitBw=,rwXfBk5GKjhv2k+zHuHLg/h6ujA=
31,-35,MRlGJU9ylHN0nJZAP2AGkJQitBw=,rwXfBk5GKjhv2k+zHuHLg/h6ujA=
31,-34,MRlGJU9ylHN0nJZAP2AGkJQitBw=,rwXfBk5GKjhv2k+zHuHLg/h6ujA=
23,-41,YRqtbFEwdzV7QbPPin8XexBDQF4=,rwXfBk5GKjhv2k+zHuHLg/h6ujA=
31,-40,YRqtbFEwdzV7QbPPin8XexBDQF4=,rwXfBk5GKjhv2k+zHuHLg/h6ujA=
31,-41,YRqtbFEwdzV7QbPPin8XexBDQF4=,rwXfBk5GKjhv2k+zHuHLg/h6ujA=
31,-47,YRqtbFEwdzV7QbPPin8XexBDQF4=,rwXfBk5GKjhv2k+zHuHLg/h6ujA=
31,-46,YRqtbFEwdzV7QbPPin8XexBDQF4=,rwXfBk5GKjhv2k+zHuHLg/h6ujA=
31,-44,YRqtbFEwdzV7QbPPin8XexBDQF4=,rwXfBk5GKjhv2k+zHuHLg/h6ujA=
31,-45,YRqtbFEwdzV7QbPPin8XexBDQF4=,rwXfBk5GKjhv2k+zHuHLg/h6ujA=
31,-43,YRqtbFEwdzV7QbPPin8XexBDQF4=,rwXfBk5GKjhv2k+zHuHLg/h6ujA=
31,-42,YRqtbFEwdzV7QbPPin8XexBDQF4=,rwXfBk5GKjhv2k+zHuHLg/h6ujA=
22,-41,YRqtbFEwdzV7QbPPin8XexBDQF4=,rwXfBk5GKjhv2k+zHuHLg/h6ujA=
21,-41,YRqtbFEwdzV7QbPPin8XexBDQF4=,rwXfBk5GKjhv2k+zHuHLg/h6ujA=
20,-41,YRqtbFEwdzV7QbPPin8XexBDQF4=,rwXfBk5GKjhv2k+zHuHLg/h6ujA=
25,-48,YRqtbFEwdzV7QbPPin8XexBDQF4=,rwXfBk5GKjhv2k+zHuHLg/h6ujA=
26,-48,YRqtbFEwdzV7QbPPin8XexBDQF4=,rwXfBk5GKjhv2k+zHuHLg/h6ujA=
27,-48,YRqtbFEwdzV7QbPPin8XexBDQF4=,rwXfBk5GKjhv2k+zHuHLg/h6ujA=
28,-48,YRqtbFEwdzV7QbPPin8XexBDQF4=,rwXfBk5GKjhv2k+zHuHLg/h6ujA=
29,-48,YRqtbFEwdzV7QbPPin8XexBDQF4=,rwXfBk5GKjhv2k+zHuHLg/h6ujA=
30,-48,YRqtbFEwdzV7QbPPin8XexBDQF4=,rwXfBk5GKjhv2k+zHuHLg/h6ujA=
31,-48,YRqtbFEwdzV7QbPPin8XexBDQF4=,rwXfBk5GKjhv2k+zHuHLg/h6ujA=
30,-33,YRqtbFEwdzV7QbPPin8XexBDQF4=,rwXfBk5GKjhv2k+zHuHLg/h6ujA=
31,-33,YRqtbFEwdzV7QbPPin8XexBDQF4=,rwXfBk5GKjhv2k+zHuHLg/h6ujA=
23,-43,YRqtbFEwdzV7QbPPin8XexBDQF4=,rwXfBk5GKjhv2k+zHuHLg/h6ujA=
24,-48,YRqtbFEwdzV7QbPPin8XexBDQF4=,rwXfBk5GKjhv2k+zHuHLg/h6ujA=
24,-47,YRqtbFEwdzV7QbPPin8XexBDQF4=,rwXfBk5GKjhv2k+zHuHLg/h6ujA=
23,-48,YRqtbFEwdzV7QbPPin8XexBDQF4=,rwXfBk5GKjhv2k+zHuHLg/h6ujA=
22,-43,YRqtbFEwdzV7QbPPin8XexBDQF4=,rwXfBk5GKjhv2k+zHuHLg/h6ujA=
16,-43,YRqtbFEwdzV7QbPPin8XexBDQF4=,rwXfBk5GKjhv2k+zHuHLg/h6ujA=
16,-33,YRqtbFEwdzV7QbPPin8XexBDQF4=,rwXfBk5GKjhv2k+zHuHLg/h6ujA=
24,-45,YRqtbFEwdzV7QbPPin8XexBDQF4=,rwXfBk5GKjhv2k+zHuHLg/h6ujA=
16,-35,YRqtbFEwdzV7QbPPin8XexBDQF4=,rwXfBk5GKjhv2k+zHuHLg/h6ujA=
17,-35,YRqtbFEwdzV7QbPPin8XexBDQF4=,rwXfBk5GKjhv2k+zHuHLg/h6ujA=
24,-46,YRqtbFEwdzV7QbPPin8XexBDQF4=,rwXfBk5GKjhv2k+zHuHLg/h6ujA=
21,-43,YRqtbFEwdzV7QbPPin8XexBDQF4=,rwXfBk5GKjhv2k+zHuHLg/h6ujA=
19,-35,YRqtbFEwdzV7QbPPin8XexBDQF4=,rwXfBk5GKjhv2k+zHuHLg/h6ujA=
19,-36,YRqtbFEwdzV7QbPPin8XexBDQF4=,rwXfBk5GKjhv2k+zHuHLg/h6ujA=
16,-44,YRqtbFEwdzV7QbPPin8XexBDQF4=,rwXfBk5GKjhv2k+zHuHLg/h6ujA=
23,-46,YRqtbFEwdzV7QbPPin8XexBDQF4=,rwXfBk5GKjhv2k+zHuHLg/h6ujA=
22,-47,YRqtbFEwdzV7QbPPin8XexBDQF4=,rwXfBk5GKjhv2k+zHuHLg/h6ujA=
23,-47,YRqtbFEwdzV7QbPPin8XexBDQF4=,rwXfBk5GKjhv2k+zHuHLg/h6ujA=
22,-46,YRqtbFEwdzV7QbPPin8XexBDQF4=,rwXfBk5GKjhv2k+zHuHLg/h6ujA=
16,-34,YRqtbFEwdzV7QbPPin8XexBDQF4=,rwXfBk5GKjhv2k+zHuHLg/h6ujA=
21,-47,YRqtbFEwdzV7QbPPin8XexBDQF4=,rwXfBk5GKjhv2k+zHuHLg/h6ujA=
19,-34,YRqtbFEwdzV7QbPPin8XexBDQF4=,rwXfBk5GKjhv2k+zHuHLg/h6ujA=
20,-45,YRqtbFEwdzV7QbPPin8XexBDQF4=,rwXfBk5GKjhv2k+zHuHLg/h6ujA=
22,-48,YRqtbFEwdzV7QbPPin8XexBDQF4=,rwXfBk5GKjhv2k+zHuHLg/h6ujA=
29,-40,YRqtbFEwdzV7QbPPin8XexBDQF4=,rwXfBk5GKjhv2k+zHuHLg/h6ujA=
28,-40,YRqtbFEwdzV7QbPPin8XexBDQF4=,rwXfBk5GKjhv2k+zHuHLg/h6ujA=
27,-41,YRqtbFEwdzV7QbPPin8XexBDQF4=,rwXfBk5GKjhv2k+zHuHLg/h6ujA=
26,-41,YRqtbFEwdzV7QbPPin8XexBDQF4=,rwXfBk5GKjhv2k+zHuHLg/h6ujA=
30,-35,YRqtbFEwdzV7QbPPin8XexBDQF4=,rwXfBk5GKjhv2k+zHuHLg/h6ujA=
29,-36,YRqtbFEwdzV7QbPPin8XexBDQF4=,rwXfBk5GKjhv2k+zHuHLg/h6ujA=
27,-40,YRqtbFEwdzV7QbPPin8XexBDQF4=,rwXfBk5GKjhv2k+zHuHLg/h6ujA=
29,-35,YRqtbFEwdzV7QbPPin8XexBDQF4=,rwXfBk5GKjhv2k+zHuHLg/h6ujA=
30,-34,YRqtbFEwdzV7QbPPin8XexBDQF4=,rwXfBk5GKjhv2k+zHuHLg/h6ujA=
26,-40,YRqtbFEwdzV7QbPPin8XexBDQF4=,rwXfBk5GKjhv2k+zHuHLg/h6ujA=
29,-34,YRqtbFEwdzV7QbPPin8XexBDQF4=,rwXfBk5GKjhv2k+zHuHLg/h6ujA=
21,-46,YRqtbFEwdzV7QbPPin8XexBDQF4=,rwXfBk5GKjhv2k+zHuHLg/h6ujA=
18,-36,YRqtbFEwdzV7QbPPin8XexBDQF4=,rwXfBk5GKjhv2k+zHuHLg/h6ujA=
17,-34,YRqtbFEwdzV7QbPPin8XexBDQF4=,rwXfBk5GKjhv2k+zHuHLg/h6ujA=
18,-33,YRqtbFEwdzV7QbPPin8XexBDQF4=,rwXfBk5GKjhv2k+zHuHLg/h6ujA=
25,-42,YRqtbFEwdzV7QbPPin8XexBDQF4=,rwXfBk5GKjhv2k+zHuHLg/h6ujA=
25,-43,YRqtbFEwdzV7QbPPin8XexBDQF4=,rwXfBk5GKjhv2k+zHuHLg/h6ujA=
18,-35,YRqtbFEwdzV7QbPPin8XexBDQF4=,rwXfBk5GKjhv2k+zHuHLg/h6ujA=
18,-34,YRqtbFEwdzV7QbPPin8XexBDQF4=,rwXfBk5GKjhv2k+zHuHLg/h6ujA=
20,-43,YRqtbFEwdzV7QbPPin8XexBDQF4=,rwXfBk5GKjhv2k+zHuHLg/h6ujA=
25,-41,YRqtbFEwdzV7QbPPin8XexBDQF4=,rwXfBk5GKjhv2k+zHuHLg/h6ujA=
20,-47,YRqtbFEwdzV7QbPPin8XexBDQF4=,rwXfBk5GKjhv2k+zHuHLg/h6ujA=
17,-36,YRqtbFEwdzV7QbPPin8XexBDQF4=,rwXfBk5GKjhv2k+zHuHLg/h6ujA=
20,-46,YRqtbFEwdzV7QbPPin8XexBDQF4=,rwXfBk5GKjhv2k+zHuHLg/h6ujA=
19,-33,YRqtbFEwdzV7QbPPin8XexBDQF4=,rwXfBk5GKjhv2k+zHuHLg/h6ujA=
17,-33,YRqtbFEwdzV7QbPPin8XexBDQF4=,rwXfBk5GKjhv2k+zHuHLg/h6ujA=
23,-38,YRqtbFEwdzV7QbPPin8XexBDQF4=,rwXfBk5GKjhv2k+zHuHLg/h6ujA=
23,-45,YRqtbFEwdzV7QbPPin8XexBDQF4=,rwXfBk5GKjhv2k+zHuHLg/h6ujA=
24,-41,YRqtbFEwdzV7QbPPin8XexBDQF4=,rwXfBk5GKjhv2k+zHuHLg/h6ujA=
16,-36,YRqtbFEwdzV7QbPPin8XexBDQF4=,rwXfBk5GKjhv2k+zHuHLg/h6ujA=
17,-42,YRqtbFEwdzV7QbPPin8XexBDQF4=,rwXfBk5GKjhv2k+zHuHLg/h6ujA=
24,-44,YRqtbFEwdzV7QbPPin8XexBDQF4=,rwXfBk5GKjhv2k+zHuHLg/h6ujA=
18,-42,YRqtbFEwdzV7QbPPin8XexBDQF4=,rwXfBk5GKjhv2k+zHuHLg/h6ujA=
21,-45,YRqtbFEwdzV7QbPPin8XexBDQF4=,rwXfBk5GKjhv2k+zHuHLg/h6ujA=
21,-36,YRqtbFEwdzV7QbPPin8XexBDQF4=,rwXfBk5GKjhv2k+zHuHLg/h6ujA=
20,-42,YRqtbFEwdzV7QbPPin8XexBDQF4=,rwXfBk5GKjhv2k+zHuHLg/h6ujA=
22,-45,YRqtbFEwdzV7QbPPin8XexBDQF4=,rwXfBk5GKjhv2k+zHuHLg/h6ujA=
21,-42,YRqtbFEwdzV7QbPPin8XexBDQF4=,rwXfBk5GKjhv2k+zHuHLg/h6ujA=
28,-34,YRqtbFEwdzV7QbPPin8XexBDQF4=,rwXfBk5GKjhv2k+zHuHLg/h6ujA=
25,-40,YRqtbFEwdzV7QbPPin8XexBDQF4=,rwXfBk5GKjhv2k+zHuHLg/h6ujA=
21,-48,YRqtbFEwdzV7QbPPin8XexBDQF4=,rwXfBk5GKjhv2k+zHuHLg/h6ujA=
20,-36,YRqtbFEwdzV7QbPPin8XexBDQF4=,rwXfBk5GKjhv2k+zHuHLg/h6ujA=
20,-48,YRqtbFEwdzV7QbPPin8XexBDQF4=,rwXfBk5GKjhv2k+zHuHLg/h6ujA=
22,-36,YRqtbFEwdzV7QbPPin8XexBDQF4=,rwXfBk5GKjhv2k+zHuHLg/h6ujA=
20,-40,YRqtbFEwdzV7QbPPin8XexBDQF4=,rwXfBk5GKjhv2k+zHuHLg/h6ujA=
20,-34,YRqtbFEwdzV7QbPPin8XexBDQF4=,rwXfBk5GKjhv2k+zHuHLg/h6ujA=
24,-43,YRqtbFEwdzV7QbPPin8XexBDQF4=,rwXfBk5GKjhv2k+zHuHLg/h6ujA=
21,-35,YRqtbFEwdzV7QbPPin8XexBDQF4=,rwXfBk5GKjhv2k+zHuHLg/h6ujA=
22,-34,YRqtbFEwdzV7QbPPin8XexBDQF4=,rwXfBk5GKjhv2k+zHuHLg/h6ujA=
22,-42,YRqtbFEwdzV7QbPPin8XexBDQF4=,rwXfBk5GKjhv2k+zHuHLg/h6ujA=
20,-35,YRqtbFEwdzV7QbPPin8XexBDQF4=,rwXfBk5GKjhv2k+zHuHLg/h6ujA=
19,-42,YRqtbFEwdzV7QbPPin8XexBDQF4=,rwXfBk5GKjhv2k+zHuHLg/h6ujA=
22,-40,YRqtbFEwdzV7QbPPin8XexBDQF4=,rwXfBk5GKjhv2k+zHuHLg/h6ujA=
16,-45,YRqtbFEwdzV7QbPPin8XexBDQF4=,rwXfBk5GKjhv2k+zHuHLg/h6ujA=
21,-44,YRqtbFEwdzV7QbPPin8XexBDQF4=,rwXfBk5GKjhv2k+zHuHLg/h6ujA=
23,-37,YRqtbFEwdzV7QbPPin8XexBDQF4=,rwXfBk5GKjhv2k+zHuHLg/h6ujA=
24,-42,YRqtbFEwdzV7QbPPin8XexBDQF4=,rwXfBk5GKjhv2k+zHuHLg/h6ujA=
21,-34,YRqtbFEwdzV7QbPPin8XexBDQF4=,rwXfBk5GKjhv2k+zHuHLg/h6ujA=
23,-44,YRqtbFEwdzV7QbPPin8XexBDQF4=,rwXfBk5GKjhv2k+zHuHLg/h6ujA=
23,-42,YRqtbFEwdzV7QbPPin8XexBDQF4=,rwXfBk5GKjhv2k+zHuHLg/h6ujA=
21,-40,YRqtbFEwdzV7QbPPin8XexBDQF4=,rwXfBk5GKjhv2k+zHuHLg/h6ujA=
20,-44,YRqtbFEwdzV7QbPPin8XexBDQF4=,rwXfBk5GKjhv2k+zHuHLg/h6ujA=
22,-35,YRqtbFEwdzV7QbPPin8XexBDQF4=,rwXfBk5GKjhv2k+zHuHLg/h6ujA=
20,-39,YRqtbFEwdzV7QbPPin8XexBDQF4=,rwXfBk5GKjhv2k+zHuHLg/h6ujA=
21,-39,YRqtbFEwdzV7QbPPin8XexBDQF4=,rwXfBk5GKjhv2k+zHuHLg/h6ujA=
22,-44,YRqtbFEwdzV7QbPPin8XexBDQF4=,rwXfBk5GKjhv2k+zHuHLg/h6ujA=
20,-33,YRqtbFEwdzV7QbPPin8XexBDQF4=,rwXfBk5GKjhv2k+zHuHLg/h6ujA=
23,-33,YRqtbFEwdzV7QbPPin8XexBDQF4=,rwXfBk5GKjhv2k+zHuHLg/h6ujA=
17,-47,YRqtbFEwdzV7QbPPin8XexBDQF4=,rwXfBk5GKjhv2k+zHuHLg/h6ujA=
29,-33,YRqtbFEwdzV7QbPPin8XexBDQF4=,rwXfBk5GKjhv2k+zHuHLg/h6ujA=
22,-39,YRqtbFEwdzV7QbPPin8XexBDQF4=,rwXfBk5GKjhv2k+zHuHLg/h6ujA=
16,-46,YRqtbFEwdzV7QbPPin8XexBDQF4=,rwXfBk5GKjhv2k+zHuHLg/h6ujA=
20,-38,YRqtbFEwdzV7QbPPin8XexBDQF4=,rwXfBk5GKjhv2k+zHuHLg/h6ujA=
21,-33,YRqtbFEwdzV7QbPPin8XexBDQF4=,rwXfBk5GKjhv2k+zHuHLg/h6ujA=
22,-33,YRqtbFEwdzV7QbPPin8XexBDQF4=,rwXfBk5GKjhv2k+zHuHLg/h6ujA=
21,-38,YRqtbFEwdzV7QbPPin8XexBDQF4=,rwXfBk5GKjhv2k+zHuHLg/h6ujA=
18,-47,YRqtbFEwdzV7QbPPin8XexBDQF4=,rwXfBk5GKjhv2k+zHuHLg/h6ujA=
17,-46,YRqtbFEwdzV7QbPPin8XexBDQF4=,rwXfBk5GKjhv2k+zHuHLg/h6ujA=
18,-46,YRqtbFEwdzV7QbPPin8XexBDQF4=,rwXfBk5GKjhv2k+zHuHLg/h6ujA=
28,-33,YRqtbFEwdzV7QbPPin8XexBDQF4=,rwXfBk5GKjhv2k+zHuHLg/h6ujA=
19,-47,YRqtbFEwdzV7QbPPin8XexBDQF4=,rwXfBk5GKjhv2k+zHuHLg/h6ujA=
19,-46,YRqtbFEwdzV7QbPPin8XexBDQF4=,rwXfBk5GKjhv2k+zHuHLg/h6ujA=
22,-38,YRqtbFEwdzV7QbPPin8XexBDQF4=,rwXfBk5GKjhv2k+zHuHLg/h6ujA=
20,-37,YRqtbFEwdzV7QbPPin8XexBDQF4=,rwXfBk5GKjhv2k+zHuHLg/h6ujA=
21,-37,YRqtbFEwdzV7QbPPin8XexBDQF4=,rwXfBk5GKjhv2k+zHuHLg/h6ujA=
22,-37,YRqtbFEwdzV7QbPPin8XexBDQF4=,rwXfBk5GKjhv2k+zHuHLg/h6ujA=
16,-47,YRqtbFEwdzV7QbPPin8XexBDQF4=,rwXfBk5GKjhv2k+zHuHLg/h6ujA=
27,-33,YRqtbFEwdzV7QbPPin8XexBDQF4=,rwXfBk5GKjhv2k+zHuHLg/h6ujA=
24,-39,YRqtbFEwdzV7QbPPin8XexBDQF4=,rwXfBk5GKjhv2k+zHuHLg/h6ujA=
16,-40,YRqtbFEwdzV7QbPPin8XexBDQF4=,rwXfBk5GKjhv2k+zHuHLg/h6ujA=
17,-44,YRqtbFEwdzV7QbPPin8XexBDQF4=,rwXfBk5GKjhv2k+zHuHLg/h6ujA=
24,-36,YRqtbFEwdzV7QbPPin8XexBDQF4=,rwXfBk5GKjhv2k+zHuHLg/h6ujA=
25,-39,YRqtbFEwdzV7QbPPin8XexBDQF4=,rwXfBk5GKjhv2k+zHuHLg/h6ujA=
25,-36,YRqtbFEwdzV7QbPPin8XexBDQF4=,rwXfBk5GKjhv2k+zHuHLg/h6ujA=
17,-45,YRqtbFEwdzV7QbPPin8XexBDQF4=,rwXfBk5GKjhv2k+zHuHLg/h6ujA=
18,-44,YRqtbFEwdzV7QbPPin8XexBDQF4=,rwXfBk5GKjhv2k+zHuHLg/h6ujA=
19,-45,YRqtbFEwdzV7QbPPin8XexBDQF4=,rwXfBk5GKjhv2k+zHuHLg/h6ujA=
27,-36,YRqtbFEwdzV7QbPPin8XexBDQF4=,rwXfBk5GKjhv2k+zHuHLg/h6ujA=
26,-36,YRqtbFEwdzV7QbPPin8XexBDQF4=,rwXfBk5GKjhv2k+zHuHLg/h6ujA=
18,-45,YRqtbFEwdzV7QbPPin8XexBDQF4=,rwXfBk5GKjhv2k+zHuHLg/h6ujA=
26,-33,YRqtbFEwdzV7QbPPin8XexBDQF4=,rwXfBk5GKjhv2k+zHuHLg/h6ujA=
24,-37,YRqtbFEwdzV7QbPPin8XexBDQF4=,rwXfBk5GKjhv2k+zHuHLg/h6ujA=
17,-41,YRqtbFEwdzV7QbPPin8XexBDQF4=,rwXfBk5GKjhv2k+zHuHLg/h6ujA=
25,-37,YRqtbFEwdzV7QbPPin8XexBDQF4=,rwXfBk5GKjhv2k+zHuHLg/h6ujA=
23,-36,YRqtbFEwdzV7QbPPin8XexBDQF4=,rwXfBk5GKjhv2k+zHuHLg/h6ujA=
18,-43,YRqtbFEwdzV7QbPPin8XexBDQF4=,rwXfBk5GKjhv2k+zHuHLg/h6ujA=
26,-37,YRqtbFEwdzV7QbPPin8XexBDQF4=,rwXfBk5GKjhv2k+zHuHLg/h6ujA=
27,-37,YRqtbFEwdzV7QbPPin8XexBDQF4=,rwXfBk5GKjhv2k+zHuHLg/h6ujA=
17,-43,YRqtbFEwdzV7QbPPin8XexBDQF4=,rwXfBk5GKjhv2k+zHuHLg/h6ujA=
16,-48,YRqtbFEwdzV7QbPPin8XexBDQF4=,rwXfBk5GKjhv2k+zHuHLg/h6ujA=
19,-43,YRqtbFEwdzV7QbPPin8XexBDQF4=,rwXfBk5GKjhv2k+zHuHLg/h6ujA=
19,-44,YRqtbFEwdzV7QbPPin8XexBDQF4=,rwXfBk5GKjhv2k+zHuHLg/h6ujA=
17,-40,YRqtbFEwdzV7QbPPin8XexBDQF4=,rwXfBk5GKjhv2k+zHuHLg/h6ujA=
19,-41,YRqtbFEwdzV7QbPPin8XexBDQF4=,rwXfBk5GKjhv2k+zHuHLg/h6ujA=
18,-41,YRqtbFEwdzV7QbPPin8XexBDQF4=,rwXfBk5GKjhv2k+zHuHLg/h6ujA=
18,-40,YRqtbFEwdzV7QbPPin8XexBDQF4=,rwXfBk5GKjhv2k+zHuHLg/h6ujA=
16,-41,YRqtbFEwdzV7QbPPin8XexBDQF4=,rwXfBk5GKjhv2k+zHuHLg/h6ujA=
24,-40,YRqtbFEwdzV7QbPPin8XexBDQF4=,rwXfBk5GKjhv2k+zHuHLg/h6ujA=
16,-42,YRqtbFEwdzV7QbPPin8XexBDQF4=,rwXfBk5GKjhv2k+zHuHLg/h6ujA=
25,-33,YRqtbFEwdzV7QbPPin8XexBDQF4=,rwXfBk5GKjhv2k+zHuHLg/h6ujA=
19,-40,YRqtbFEwdzV7QbPPin8XexBDQF4=,rwXfBk5GKjhv2k+zHuHLg/h6ujA=
23,-35,YRqtbFEwdzV7QbPPin8XexBDQF4=,rwXfBk5GKjhv2k+zHuHLg/h6ujA=
24,-35,YRqtbFEwdzV7QbPPin8XexBDQF4=,rwXfBk5GKjhv2k+zHuHLg/h6ujA=
16,-39,YRqtbFEwdzV7QbPPin8XexBDQF4=,rwXfBk5GKjhv2k+zHuHLg/h6ujA=
17,-39,YRqtbFEwdzV7QbPPin8XexBDQF4=,rwXfBk5GKjhv2k+zHuHLg/h6ujA=
25,-35,YRqtbFEwdzV7QbPPin8XexBDQF4=,rwXfBk5GKjhv2k+zHuHLg/h6ujA=
24,-34,YRqtbFEwdzV7QbPPin8XexBDQF4=,rwXfBk5GKjhv2k+zHuHLg/h6ujA=
18,-39,YRqtbFEwdzV7QbPPin8XexBDQF4=,rwXfBk5GKjhv2k+zHuHLg/h6ujA=
25,-34,YRqtbFEwdzV7QbPPin8XexBDQF4=,rwXfBk5GKjhv2k+zHuHLg/h6ujA=
23,-40,YRqtbFEwdzV7QbPPin8XexBDQF4=,rwXfBk5GKjhv2k+zHuHLg/h6ujA=
23,-34,YRqtbFEwdzV7QbPPin8XexBDQF4=,rwXfBk5GKjhv2k+zHuHLg/h6ujA=
26,-35,YRqtbFEwdzV7QbPPin8XexBDQF4=,rwXfBk5GKjhv2k+zHuHLg/h6ujA=
25,-38,YRqtbFEwdzV7QbPPin8XexBDQF4=,rwXfBk5GKjhv2k+zHuHLg/h6ujA=
19,-39,YRqtbFEwdzV7QbPPin8XexBDQF4=,rwXfBk5GKjhv2k+zHuHLg/h6ujA=
16,-38,YRqtbFEwdzV7QbPPin8XexBDQF4=,rwXfBk5GKjhv2k+zHuHLg/h6ujA=
17,-38,YRqtbFEwdzV7QbPPin8XexBDQF4=,rwXfBk5GKjhv2k+zHuHLg/h6ujA=
24,-38,YRqtbFEwdzV7QbPPin8XexBDQF4=,rwXfBk5GKjhv2k+zHuHLg/h6ujA=
24,-33,YRqtbFEwdzV7QbPPin8XexBDQF4=,rwXfBk5GKjhv2k+zHuHLg/h6ujA=
16,-37,YRqtbFEwdzV7QbPPin8XexBDQF4=,rwXfBk5GKjhv2k+zHuHLg/h6ujA=
27,-35,YRqtbFEwdzV7QbPPin8XexBDQF4=,rwXfBk5GKjhv2k+zHuHLg/h6ujA=
26,-34,YRqtbFEwdzV7QbPPin8XexBDQF4=,rwXfBk5GKjhv2k+zHuHLg/h6ujA=
19,-48,YRqtbFEwdzV7QbPPin8XexBDQF4=,rwXfBk5GKjhv2k+zHuHLg/h6ujA=
18,-38,YRqtbFEwdzV7QbPPin8XexBDQF4=,rwXfBk5GKjhv2k+zHuHLg/h6ujA=
19,-38,YRqtbFEwdzV7QbPPin8XexBDQF4=,rwXfBk5GKjhv2k+zHuHLg/h6ujA=
23,-39,YRqtbFEwdzV7QbPPin8XexBDQF4=,rwXfBk5GKjhv2k+zHuHLg/h6ujA=
27,-34,YRqtbFEwdzV7QbPPin8XexBDQF4=,rwXfBk5GKjhv2k+zHuHLg/h6ujA=
17,-37,YRqtbFEwdzV7QbPPin8XexBDQF4=,rwXfBk5GKjhv2k+zHuHLg/h6ujA=
18,-37,YRqtbFEwdzV7QbPPin8XexBDQF4=,rwXfBk5GKjhv2k+zHuHLg/h6ujA=
19,-37,YRqtbFEwdzV7QbPPin8XexBDQF4=,rwXfBk5GKjhv2k+zHuHLg/h6ujA=
18,-48,YRqtbFEwdzV7QbPPin8XexBDQF4=,rwXfBk5GKjhv2k+zHuHLg/h6ujA=
17,-48,YRqtbFEwdzV7QbPPin8XexBDQF4=,rwXfBk5GKjhv2k+zHuHLg/h6ujA=
28,-50,4M+OBU/zdT2aTr5TvQqXEmLb/BQ=,rwXfBk5GKjhv2k+zHuHLg/h6ujA=
26,-52,4M+OBU/zdT2aTr5TvQqXEmLb/BQ=,rwXfBk5GKjhv2k+zHuHLg/h6ujA=
29,-50,4M+OBU/zdT2aTr5TvQqXEmLb/BQ=,rwXfBk5GKjhv2k+zHuHLg/h6ujA=
26,-53,4M+OBU/zdT2aTr5TvQqXEmLb/BQ=,rwXfBk5GKjhv2k+zHuHLg/h6ujA=
30,-50,4M+OBU/zdT2aTr5TvQqXEmLb/BQ=,rwXfBk5GKjhv2k+zHuHLg/h6ujA=
28,-51,4M+OBU/zdT2aTr5TvQqXEmLb/BQ=,rwXfBk5GKjhv2k+zHuHLg/h6ujA=
27,-53,4M+OBU/zdT2aTr5TvQqXEmLb/BQ=,rwXfBk5GKjhv2k+zHuHLg/h6ujA=
29,-51,4M+OBU/zdT2aTr5TvQqXEmLb/BQ=,rwXfBk5GKjhv2k+zHuHLg/h6ujA=
27,-52,4M+OBU/zdT2aTr5TvQqXEmLb/BQ=,rwXfBk5GKjhv2k+zHuHLg/h6ujA=
28,-53,4M+OBU/zdT2aTr5TvQqXEmLb/BQ=,rwXfBk5GKjhv2k+zHuHLg/h6ujA=
26,-55,4M+OBU/zdT2aTr5TvQqXEmLb/BQ=,rwXfBk5GKjhv2k+zHuHLg/h6ujA=
28,-52,4M+OBU/zdT2aTr5TvQqXEmLb/BQ=,rwXfBk5GKjhv2k+zHuHLg/h6ujA=
26,-54,4M+OBU/zdT2aTr5TvQqXEmLb/BQ=,rwXfBk5GKjhv2k+zHuHLg/h6ujA=
27,-54,4M+OBU/zdT2aTr5TvQqXEmLb/BQ=,rwXfBk5GKjhv2k+zHuHLg/h6ujA=
29,-53,4M+OBU/zdT2aTr5TvQqXEmLb/BQ=,rwXfBk5GKjhv2k+zHuHLg/h6ujA=
30,-51,nRQNmMkayRqcTtR7CyCPnMSITTI=,rwXfBk5GKjhv2k+zHuHLg/h6ujA=
27,-59,nRQNmMkayRqcTtR7CyCPnMSITTI=,rwXfBk5GKjhv2k+zHuHLg/h6ujA=
28,-59,nRQNmMkayRqcTtR7CyCPnMSITTI=,rwXfBk5GKjhv2k+zHuHLg/h6ujA=
29,-59,nRQNmMkayRqcTtR7CyCPnMSITTI=,rwXfBk5GKjhv2k+zHuHLg/h6ujA=
30,-59,nRQNmMkayRqcTtR7CyCPnMSITTI=,rwXfBk5GKjhv2k+zHuHLg/h6ujA=
27,-58,nRQNmMkayRqcTtR7CyCPnMSITTI=,rwXfBk5GKjhv2k+zHuHLg/h6ujA=
28,-58,nRQNmMkayRqcTtR7CyCPnMSITTI=,rwXfBk5GKjhv2k+zHuHLg/h6ujA=
28,-56,nRQNmMkayRqcTtR7CyCPnMSITTI=,rwXfBk5GKjhv2k+zHuHLg/h6ujA=
29,-58,nRQNmMkayRqcTtR7CyCPnMSITTI=,rwXfBk5GKjhv2k+zHuHLg/h6ujA=
30,-58,nRQNmMkayRqcTtR7CyCPnMSITTI=,rwXfBk5GKjhv2k+zHuHLg/h6ujA=
30,-56,nRQNmMkayRqcTtR7CyCPnMSITTI=,rwXfBk5GKjhv2k+zHuHLg/h6ujA=
27,-57,nRQNmMkayRqcTtR7CyCPnMSITTI=,rwXfBk5GKjhv2k+zHuHLg/h6ujA=
28,-57,nRQNmMkayRqcTtR7CyCPnMSITTI=,rwXfBk5GKjhv2k+zHuHLg/h6ujA=
29,-57,nRQNmMkayRqcTtR7CyCPnMSITTI=,rwXfBk5GKjhv2k+zHuHLg/h6ujA=
30,-57,nRQNmMkayRqcTtR7CyCPnMSITTI=,rwXfBk5GKjhv2k+zHuHLg/h6ujA=
29,-56,nRQNmMkayRqcTtR7CyCPnMSITTI=,rwXfBk5GKjhv2k+zHuHLg/h6ujA=
30,-63,nRQNmMkayRqcTtR7CyCPnMSITTI=,rwXfBk5GKjhv2k+zHuHLg/h6ujA=
30,-62,F2ByBjCUiBfDj2Rvmy9JbTExPlE=,rwXfBk5GKjhv2k+zHuHLg/h6ujA=
29,-61,F2ByBjCUiBfDj2Rvmy9JbTExPlE=,rwXfBk5GKjhv2k+zHuHLg/h6ujA=
30,-61,F2ByBjCUiBfDj2Rvmy9JbTExPlE=,rwXfBk5GKjhv2k+zHuHLg/h6ujA=
28,-60,F2ByBjCUiBfDj2Rvmy9JbTExPlE=,rwXfBk5GKjhv2k+zHuHLg/h6ujA=
29,-60,F2ByBjCUiBfDj2Rvmy9JbTExPlE=,rwXfBk5GKjhv2k+zHuHLg/h6ujA=
30,-60,F2ByBjCUiBfDj2Rvmy9JbTExPlE=,rwXfBk5GKjhv2k+zHuHLg/h6ujA=
27,-56,F2ByBjCUiBfDj2Rvmy9JbTExPlE=,rwXfBk5GKjhv2k+zHuHLg/h6ujA=
24,-50,F2ByBjCUiBfDj2Rvmy9JbTExPlE=,rwXfBk5GKjhv2k+zHuHLg/h6ujA=
16,-53,vj+olqOt2BEz9rw2WF2F+BfsX2I=,rwXfBk5GKjhv2k+zHuHLg/h6ujA=
27,-51,vj+olqOt2BEz9rw2WF2F+BfsX2I=,rwXfBk5GKjhv2k+zHuHLg/h6ujA=
17,-64,vj+olqOt2BEz9rw2WF2F+BfsX2I=,rwXfBk5GKjhv2k+zHuHLg/h6ujA=
18,-64,vj+olqOt2BEz9rw2WF2F+BfsX2I=,rwXfBk5GKjhv2k+zHuHLg/h6ujA=
19,-64,vj+olqOt2BEz9rw2WF2F+BfsX2I=,rwXfBk5GKjhv2k+zHuHLg/h6ujA=
20,-64,vj+olqOt2BEz9rw2WF2F+BfsX2I=,rwXfBk5GKjhv2k+zHuHLg/h6ujA=
21,-64,vj+olqOt2BEz9rw2WF2F+BfsX2I=,rwXfBk5GKjhv2k+zHuHLg/h6ujA=
17,-63,vj+olqOt2BEz9rw2WF2F+BfsX2I=,rwXfBk5GKjhv2k+zHuHLg/h6ujA=
18,-63,vj+olqOt2BEz9rw2WF2F+BfsX2I=,rwXfBk5GKjhv2k+zHuHLg/h6ujA=
31,-59,XFqM5Gby6pGwP2uyoaS97cOrThY=,rwXfBk5GKjhv2k+zHuHLg/h6ujA=
31,-58,XFqM5Gby6pGwP2uyoaS97cOrThY=,rwXfBk5GKjhv2k+zHuHLg/h6ujA=
31,-63,XFqM5Gby6pGwP2uyoaS97cOrThY=,rwXfBk5GKjhv2k+zHuHLg/h6ujA=
31,-62,XFqM5Gby6pGwP2uyoaS97cOrThY=,rwXfBk5GKjhv2k+zHuHLg/h6ujA=
31,-61,XFqM5Gby6pGwP2uyoaS97cOrThY=,rwXfBk5GKjhv2k+zHuHLg/h6ujA=
31,-60,XFqM5Gby6pGwP2uyoaS97cOrThY=,rwXfBk5GKjhv2k+zHuHLg/h6ujA=
26,-51,G9z80M1BDDNHsFOYTOt7jLFtrK0=,rwXfBk5GKjhv2k+zHuHLg/h6ujA=
16,-64,G9z80M1BDDNHsFOYTOt7jLFtrK0=,rwXfBk5GKjhv2k+zHuHLg/h6ujA=
16,-63,G9z80M1BDDNHsFOYTOt7jLFtrK0=,rwXfBk5GKjhv2k+zHuHLg/h6ujA=
31,-50,G9z80M1BDDNHsFOYTOt7jLFtrK0=,rwXfBk5GKjhv2k+zHuHLg/h6ujA=
31,-51,G9z80M1BDDNHsFOYTOt7jLFtrK0=,rwXfBk5GKjhv2k+zHuHLg/h6ujA=
31,-57,dODKi90fTkOnBCy7i+h2uop/i24=,rwXfBk5GKjhv2k+zHuHLg/h6ujA=
31,-54,dODKi90fTkOnBCy7i+h2uop/i24=,rwXfBk5GKjhv2k+zHuHLg/h6ujA=
31,-55,dODKi90fTkOnBCy7i+h2uop/i24=,rwXfBk5GKjhv2k+zHuHLg/h6ujA=
31,-53,dODKi90fTkOnBCy7i+h2uop/i24=,rwXfBk5GKjhv2k+zHuHLg/h6ujA=
31,-52,dODKi90fTkOnBCy7i+h2uop/i24=,rwXfBk5GKjhv2k+zHuHLg/h6ujA=
31,-56,dODKi90fTkOnBCy7i+h2uop/i24=,rwXfBk5GKjhv2k+zHuHLg/h6ujA=
27,-50,dODKi90fTkOnBCy7i+h2uop/i24=,rwXfBk5GKjhv2k+zHuHLg/h6ujA=
16,-58,dODKi90fTkOnBCy7i+h2uop/i24=,rwXfBk5GKjhv2k+zHuHLg/h6ujA=
26,-49,dODKi90fTkOnBCy7i+h2uop/i24=,rwXfBk5GKjhv2k+zHuHLg/h6ujA=
25,-49,dODKi90fTkOnBCy7i+h2uop/i24=,rwXfBk5GKjhv2k+zHuHLg/h6ujA=
28,-49,dODKi90fTkOnBCy7i+h2uop/i24=,rwXfBk5GKjhv2k+zHuHLg/h6ujA=
27,-49,dODKi90fTkOnBCy7i+h2uop/i24=,rwXfBk5GKjhv2k+zHuHLg/h6ujA=
29,-49,dODKi90fTkOnBCy7i+h2uop/i24=,rwXfBk5GKjhv2k+zHuHLg/h6ujA=
30,-49,dODKi90fTkOnBCy7i+h2uop/i24=,rwXfBk5GKjhv2k+zHuHLg/h6ujA=
25,-51,dODKi90fTkOnBCy7i+h2uop/i24=,rwXfBk5GKjhv2k+zHuHLg/h6ujA=
31,-49,dODKi90fTkOnBCy7i+h2uop/i24=,rwXfBk5GKjhv2k+zHuHLg/h6ujA=
25,-52,dODKi90fTkOnBCy7i+h2uop/i24=,rwXfBk5GKjhv2k+zHuHLg/h6ujA=
26,-50,dODKi90fTkOnBCy7i+h2uop/i24=,rwXfBk5GKjhv2k+zHuHLg/h6ujA=
25,-50,dODKi90fTkOnBCy7i+h2uop/i24=,rwXfBk5GKjhv2k+zHuHLg/h6ujA=
30,-53,dODKi90fTkOnBCy7i+h2uop/i24=,rwXfBk5GKjhv2k+zHuHLg/h6ujA=
30,-64,dODKi90fTkOnBCy7i+h2uop/i24=,rwXfBk5GKjhv2k+zHuHLg/h6ujA=
31,-64,dODKi90fTkOnBCy7i+h2uop/i24=,rwXfBk5GKjhv2k+zHuHLg/h6ujA=
16,-57,dODKi90fTkOnBCy7i+h2uop/i24=,rwXfBk5GKjhv2k+zHuHLg/h6ujA=
23,-64,dODKi90fTkOnBCy7i+h2uop/i24=,rwXfBk5GKjhv2k+zHuHLg/h6ujA=
21,-62,dODKi90fTkOnBCy7i+h2uop/i24=,rwXfBk5GKjhv2k+zHuHLg/h6ujA=
19,-55,dODKi90fTkOnBCy7i+h2uop/i24=,rwXfBk5GKjhv2k+zHuHLg/h6ujA=
16,-59,dODKi90fTkOnBCy7i+h2uop/i24=,rwXfBk5GKjhv2k+zHuHLg/h6ujA=
16,-49,dODKi90fTkOnBCy7i+h2uop/i24=,rwXfBk5GKjhv2k+zHuHLg/h6ujA=
18,-55,dODKi90fTkOnBCy7i+h2uop/i24=,rwXfBk5GKjhv2k+zHuHLg/h6ujA=
17,-55,dODKi90fTkOnBCy7i+h2uop/i24=,rwXfBk5GKjhv2k+zHuHLg/h6ujA=
17,-49,dODKi90fTkOnBCy7i+h2uop/i24=,rwXfBk5GKjhv2k+zHuHLg/h6ujA=
16,-62,dODKi90fTkOnBCy7i+h2uop/i24=,rwXfBk5GKjhv2k+zHuHLg/h6ujA=
17,-54,dODKi90fTkOnBCy7i+h2uop/i24=,rwXfBk5GKjhv2k+zHuHLg/h6ujA=
30,-55,dODKi90fTkOnBCy7i+h2uop/i24=,rwXfBk5GKjhv2k+zHuHLg/h6ujA=
19,-49,dODKi90fTkOnBCy7i+h2uop/i24=,rwXfBk5GKjhv2k+zHuHLg/h6ujA=
29,-55,dODKi90fTkOnBCy7i+h2uop/i24=,rwXfBk5GKjhv2k+zHuHLg/h6ujA=
18,-49,dODKi90fTkOnBCy7i+h2uop/i24=,rwXfBk5GKjhv2k+zHuHLg/h6ujA=
30,-52,dODKi90fTkOnBCy7i+h2uop/i24=,rwXfBk5GKjhv2k+zHuHLg/h6ujA=
29,-52,dODKi90fTkOnBCy7i+h2uop/i24=,rwXfBk5GKjhv2k+zHuHLg/h6ujA=
20,-62,dODKi90fTkOnBCy7i+h2uop/i24=,rwXfBk5GKjhv2k+zHuHLg/h6ujA=
25,-54,dODKi90fTkOnBCy7i+h2uop/i24=,rwXfBk5GKjhv2k+zHuHLg/h6ujA=
23,-63,dODKi90fTkOnBCy7i+h2uop/i24=,rwXfBk5GKjhv2k+zHuHLg/h6ujA=
17,-52,dODKi90fTkOnBCy7i+h2uop/i24=,rwXfBk5GKjhv2k+zHuHLg/h6ujA=
30,-54,dODKi90fTkOnBCy7i+h2uop/i24=,rwXfBk5GKjhv2k+zHuHLg/h6ujA=
25,-53,dODKi90fTkOnBCy7i+h2uop/i24=,rwXfBk5GKjhv2k+zHuHLg/h6ujA=
25,-55,dODKi90fTkOnBCy7i+h2uop/i24=,rwXfBk5GKjhv2k+zHuHLg/h6ujA=
22,-63,dODKi90fTkOnBCy7i+h2uop/i24=,rwXfBk5GKjhv2k+zHuHLg/h6ujA=
21,-63,dODKi90fTkOnBCy7i+h2uop/i24=,rwXfBk5GKjhv2k+zHuHLg/h6ujA=
25,-59,dODKi90fTkOnBCy7i+h2uop/i24=,rwXfBk5GKjhv2k+zHuHLg/h6ujA=
29,-54,dODKi90fTkOnBCy7i+h2uop/i24=,rwXfBk5GKjhv2k+zHuHLg/h6ujA=
28,-54,dODKi90fTkOnBCy7i+h2uop/i24=,rwXfBk5GKjhv2k+zHuHLg/h6ujA=
18,-52,dODKi90fTkOnBCy7i+h2uop/i24=,rwXfBk5GKjhv2k+zHuHLg/h6ujA=
28,-55,dODKi90fTkOnBCy7i+h2uop/i24=,rwXfBk5GKjhv2k+zHuHLg/h6ujA=
18,-54,dODKi90fTkOnBCy7i+h2uop/i24=,rwXfBk5GKjhv2k+zHuHLg/h6ujA=
20,-63,dODKi90fTkOnBCy7i+h2uop/i24=,rwXfBk5GKjhv2k+zHuHLg/h6ujA=
16,-50,dODKi90fTkOnBCy7i+h2uop/i24=,rwXfBk5GKjhv2k+zHuHLg/h6ujA=
19,-52,dODKi90fTkOnBCy7i+h2uop/i24=,rwXfBk5GKjhv2k+zHuHLg/h6ujA=
26,-59,dODKi90fTkOnBCy7i+h2uop/i24=,rwXfBk5GKjhv2k+zHuHLg/h6ujA=
17,-53,dODKi90fTkOnBCy7i+h2uop/i24=,rwXfBk5GKjhv2k+zHuHLg/h6ujA=
25,-58,dODKi90fTkOnBCy7i+h2uop/i24=,rwXfBk5GKjhv2k+zHuHLg/h6ujA=
27,-55,dODKi90fTkOnBCy7i+h2uop/i24=,rwXfBk5GKjhv2k+zHuHLg/h6ujA=
16,-60,dODKi90fTkOnBCy7i+h2uop/i24=,rwXfBk5GKjhv2k+zHuHLg/h6ujA=
19,-54,dODKi90fTkOnBCy7i+h2uop/i24=,rwXfBk5GKjhv2k+zHuHLg/h6ujA=
23,-49,dODKi90fTkOnBCy7i+h2uop/i24=,rwXfBk5GKjhv2k+zHuHLg/h6ujA=
26,-56,dODKi90fTkOnBCy7i+h2uop/i24=,rwXfBk5GKjhv2k+zHuHLg/h6ujA=
23,-61,dODKi90fTkOnBCy7i+h2uop/i24=,rwXfBk5GKjhv2k+zHuHLg/h6ujA=
24,-49,dODKi90fTkOnBCy7i+h2uop/i24=,rwXfBk5GKjhv2k+zHuHLg/h6ujA=
26,-58,dODKi90fTkOnBCy7i+h2uop/i24=,rwXfBk5GKjhv2k+zHuHLg/h6ujA=
18,-53,dODKi90fTkOnBCy7i+h2uop/i24=,rwXfBk5GKjhv2k+zHuHLg/h6ujA=
26,-57,dODKi90fTkOnBCy7i+h2uop/i24=,rwXfBk5GKjhv2k+zHuHLg/h6ujA=
25,-60,dODKi90fTkOnBCy7i+h2uop/i24=,rwXfBk5GKjhv2k+zHuHLg/h6ujA=
25,-57,dODKi90fTkOnBCy7i+h2uop/i24=,rwXfBk5GKjhv2k+zHuHLg/h6ujA=
16,-51,dODKi90fTkOnBCy7i+h2uop/i24=,rwXfBk5GKjhv2k+zHuHLg/h6ujA=
16,-61,dODKi90fTkOnBCy7i+h2uop/i24=,rwXfBk5GKjhv2k+zHuHLg/h6ujA=
22,-61,dODKi90fTkOnBCy7i+h2uop/i24=,rwXfBk5GKjhv2k+zHuHLg/h6ujA=
22,-64,dODKi90fTkOnBCy7i+h2uop/i24=,rwXfBk5GKjhv2k+zHuHLg/h6ujA=
16,-52,dODKi90fTkOnBCy7i+h2uop/i24=,rwXfBk5GKjhv2k+zHuHLg/h6ujA=
25,-56,dODKi90fTkOnBCy7i+h2uop/i24=,rwXfBk5GKjhv2k+zHuHLg/h6ujA=
24,-55,dODKi90fTkOnBCy7i+h2uop/i24=,rwXfBk5GKjhv2k+zHuHLg/h6ujA=
26,-60,dODKi90fTkOnBCy7i+h2uop/i24=,rwXfBk5GKjhv2k+zHuHLg/h6ujA=
27,-60,dODKi90fTkOnBCy7i+h2uop/i24=,rwXfBk5GKjhv2k+zHuHLg/h6ujA=
20,-50,dODKi90fTkOnBCy7i+h2uop/i24=,rwXfBk5GKjhv2k+zHuHLg/h6ujA=
21,-61,dODKi90fTkOnBCy7i+h2uop/i24=,rwXfBk5GKjhv2k+zHuHLg/h6ujA=
29,-64,dODKi90fTkOnBCy7i+h2uop/i24=,rwXfBk5GKjhv2k+zHuHLg/h6ujA=
22,-62,dODKi90fTkOnBCy7i+h2uop/i24=,rwXfBk5GKjhv2k+zHuHLg/h6ujA=
20,-49,dODKi90fTkOnBCy7i+h2uop/i24=,rwXfBk5GKjhv2k+zHuHLg/h6ujA=
19,-50,dODKi90fTkOnBCy7i+h2uop/i24=,rwXfBk5GKjhv2k+zHuHLg/h6ujA=
23,-57,dODKi90fTkOnBCy7i+h2uop/i24=,rwXfBk5GKjhv2k+zHuHLg/h6ujA=
20,-55,dODKi90fTkOnBCy7i+h2uop/i24=,rwXfBk5GKjhv2k+zHuHLg/h6ujA=
20,-61,dODKi90fTkOnBCy7i+h2uop/i24=,rwXfBk5GKjhv2k+zHuHLg/h6ujA=
22,-50,dODKi90fTkOnBCy7i+h2uop/i24=,rwXfBk5GKjhv2k+zHuHLg/h6ujA=
23,-62,dODKi90fTkOnBCy7i+h2uop/i24=,rwXfBk5GKjhv2k+zHuHLg/h6ujA=
23,-50,dODKi90fTkOnBCy7i+h2uop/i24=,rwXfBk5GKjhv2k+zHuHLg/h6ujA=
21,-49,dODKi90fTkOnBCy7i+h2uop/i24=,rwXfBk5GKjhv2k+zHuHLg/h6ujA=
21,-50,dODKi90fTkOnBCy7i+h2uop/i24=,rwXfBk5GKjhv2k+zHuHLg/h6ujA=
22,-57,dODKi90fTkOnBCy7i+h2uop/i24=,rwXfBk5GKjhv2k+zHuHLg/h6ujA=
16,-56,dODKi90fTkOnBCy7i+h2uop/i24=,rwXfBk5GKjhv2k+zHuHLg/h6ujA=
28,-64,dODKi90fTkOnBCy7i+h2uop/i24=,rwXfBk5GKjhv2k+zHuHLg/h6ujA=
22,-49,dODKi90fTkOnBCy7i+h2uop/i24=,rwXfBk5GKjhv2k+zHuHLg/h6ujA=
23,-55,dODKi90fTkOnBCy7i+h2uop/i24=,rwXfBk5GKjhv2k+zHuHLg/h6ujA=
21,-55,dODKi90fTkOnBCy7i+h2uop/i24=,rwXfBk5GKjhv2k+zHuHLg/h6ujA=
16,-54,dODKi90fTkOnBCy7i+h2uop/i24=,rwXfBk5GKjhv2k+zHuHLg/h6ujA=
18,-50,dODKi90fTkOnBCy7i+h2uop/i24=,rwXfBk5GKjhv2k+zHuHLg/h6ujA=
19,-62,dODKi90fTkOnBCy7i+h2uop/i24=,rwXfBk5GKjhv2k+zHuHLg/h6ujA=
20,-54,dODKi90fTkOnBCy7i+h2uop/i24=,rwXfBk5GKjhv2k+zHuHLg/h6ujA=
22,-55,dODKi90fTkOnBCy7i+h2uop/i24=,rwXfBk5GKjhv2k+zHuHLg/h6ujA=
27,-63,dODKi90fTkOnBCy7i+h2uop/i24=,rwXfBk5GKjhv2k+zHuHLg/h6ujA=
21,-54,dODKi90fTkOnBCy7i+h2uop/i24=,rwXfBk5GKjhv2k+zHuHLg/h6ujA=
24,-53,dODKi90fTkOnBCy7i+h2uop/i24=,rwXfBk5GKjhv2k+zHuHLg/h6ujA=
20,-53,dODKi90fTkOnBCy7i+h2uop/i24=,rwXfBk5GKjhv2k+zHuHLg/h6ujA=
18,-51,dODKi90fTkOnBCy7i+h2uop/i24=,rwXfBk5GKjhv2k+zHuHLg/h6ujA=
22,-54,dODKi90fTkOnBCy7i+h2uop/i24=,rwXfBk5GKjhv2k+zHuHLg/h6ujA=
26,-63,dODKi90fTkOnBCy7i+h2uop/i24=,rwXfBk5GKjhv2k+zHuHLg/h6ujA=
24,-60,dODKi90fTkOnBCy7i+h2uop/i24=,rwXfBk5GKjhv2k+zHuHLg/h6ujA=
23,-54,dODKi90fTkOnBCy7i+h2uop/i24=,rwXfBk5GKjhv2k+zHuHLg/h6ujA=
25,-63,dODKi90fTkOnBCy7i+h2uop/i24=,rwXfBk5GKjhv2k+zHuHLg/h6ujA=
19,-57,dODKi90fTkOnBCy7i+h2uop/i24=,rwXfBk5GKjhv2k+zHuHLg/h6ujA=
19,-53,dODKi90fTkOnBCy7i+h2uop/i24=,rwXfBk5GKjhv2k+zHuHLg/h6ujA=
28,-63,dODKi90fTkOnBCy7i+h2uop/i24=,rwXfBk5GKjhv2k+zHuHLg/h6ujA=
29,-63,dODKi90fTkOnBCy7i+h2uop/i24=,rwXfBk5GKjhv2k+zHuHLg/h6ujA=
21,-53,dODKi90fTkOnBCy7i+h2uop/i24=,rwXfBk5GKjhv2k+zHuHLg/h6ujA=
18,-56,dODKi90fTkOnBCy7i+h2uop/i24=,rwXfBk5GKjhv2k+zHuHLg/h6ujA=
24,-51,dODKi90fTkOnBCy7i+h2uop/i24=,rwXfBk5GKjhv2k+zHuHLg/h6ujA=
16,-55,dODKi90fTkOnBCy7i+h2uop/i24=,rwXfBk5GKjhv2k+zHuHLg/h6ujA=
27,-64,dODKi90fTkOnBCy7i+h2uop/i24=,rwXfBk5GKjhv2k+zHuHLg/h6ujA=
17,-51,dODKi90fTkOnBCy7i+h2uop/i24=,rwXfBk5GKjhv2k+zHuHLg/h6ujA=
22,-53,dODKi90fTkOnBCy7i+h2uop/i24=,rwXfBk5GKjhv2k+zHuHLg/h6ujA=
24,-52,dODKi90fTkOnBCy7i+h2uop/i24=,rwXfBk5GKjhv2k+zHuHLg/h6ujA=
17,-56,dODKi90fTkOnBCy7i+h2uop/i24=,rwXfBk5GKjhv2k+zHuHLg/h6ujA=
22,-52,dODKi90fTkOnBCy7i+h2uop/i24=,rwXfBk5GKjhv2k+zHuHLg/h6ujA=
20,-52,dODKi90fTkOnBCy7i+h2uop/i24=,rwXfBk5GKjhv2k+zHuHLg/h6ujA=
21,-52,dODKi90fTkOnBCy7i+h2uop/i24=,rwXfBk5GKjhv2k+zHuHLg/h6ujA=
19,-51,dODKi90fTkOnBCy7i+h2uop/i24=,rwXfBk5GKjhv2k+zHuHLg/h6ujA=
18,-57,dODKi90fTkOnBCy7i+h2uop/i24=,rwXfBk5GKjhv2k+zHuHLg/h6ujA=
23,-53,dODKi90fTkOnBCy7i+h2uop/i24=,rwXfBk5GKjhv2k+zHuHLg/h6ujA=
21,-57,dODKi90fTkOnBCy7i+h2uop/i24=,rwXfBk5GKjhv2k+zHuHLg/h6ujA=
23,-51,dODKi90fTkOnBCy7i+h2uop/i24=,rwXfBk5GKjhv2k+zHuHLg/h6ujA=
22,-51,dODKi90fTkOnBCy7i+h2uop/i24=,rwXfBk5GKjhv2k+zHuHLg/h6ujA=
21,-51,dODKi90fTkOnBCy7i+h2uop/i24=,rwXfBk5GKjhv2k+zHuHLg/h6ujA=
29,-62,dODKi90fTkOnBCy7i+h2uop/i24=,rwXfBk5GKjhv2k+zHuHLg/h6ujA=
27,-62,dODKi90fTkOnBCy7i+h2uop/i24=,rwXfBk5GKjhv2k+zHuHLg/h6ujA=
24,-59,dODKi90fTkOnBCy7i+h2uop/i24=,rwXfBk5GKjhv2k+zHuHLg/h6ujA=
24,-54,dODKi90fTkOnBCy7i+h2uop/i24=,rwXfBk5GKjhv2k+zHuHLg/h6ujA=
26,-62,dODKi90fTkOnBCy7i+h2uop/i24=,rwXfBk5GKjhv2k+zHuHLg/h6ujA=
20,-51,dODKi90fTkOnBCy7i+h2uop/i24=,rwXfBk5GKjhv2k+zHuHLg/h6ujA=
26,-64,dODKi90fTkOnBCy7i+h2uop/i24=,rwXfBk5GKjhv2k+zHuHLg/h6ujA=
23,-52,dODKi90fTkOnBCy7i+h2uop/i24=,rwXfBk5GKjhv2k+zHuHLg/h6ujA=
24,-58,dODKi90fTkOnBCy7i+h2uop/i24=,rwXfBk5GKjhv2k+zHuHLg/h6ujA=
17,-50,dODKi90fTkOnBCy7i+h2uop/i24=,rwXfBk5GKjhv2k+zHuHLg/h6ujA=
25,-61,dODKi90fTkOnBCy7i+h2uop/i24=,rwXfBk5GKjhv2k+zHuHLg/h6ujA=
25,-62,dODKi90fTkOnBCy7i+h2uop/i24=,rwXfBk5GKjhv2k+zHuHLg/h6ujA=
28,-62,dODKi90fTkOnBCy7i+h2uop/i24=,rwXfBk5GKjhv2k+zHuHLg/h6ujA=
20,-56,dODKi90fTkOnBCy7i+h2uop/i24=,rwXfBk5GKjhv2k+zHuHLg/h6ujA=
26,-61,dODKi90fTkOnBCy7i+h2uop/i24=,rwXfBk5GKjhv2k+zHuHLg/h6ujA=
28,-61,dODKi90fTkOnBCy7i+h2uop/i24=,rwXfBk5GKjhv2k+zHuHLg/h6ujA=
18,-62,dODKi90fTkOnBCy7i+h2uop/i24=,rwXfBk5GKjhv2k+zHuHLg/h6ujA=
19,-56,dODKi90fTkOnBCy7i+h2uop/i24=,rwXfBk5GKjhv2k+zHuHLg/h6ujA=
22,-56,dODKi90fTkOnBCy7i+h2uop/i24=,rwXfBk5GKjhv2k+zHuHLg/h6ujA=
24,-63,dODKi90fTkOnBCy7i+h2uop/i24=,rwXfBk5GKjhv2k+zHuHLg/h6ujA=
23,-56,dODKi90fTkOnBCy7i+h2uop/i24=,rwXfBk5GKjhv2k+zHuHLg/h6ujA=
24,-56,dODKi90fTkOnBCy7i+h2uop/i24=,rwXfBk5GKjhv2k+zHuHLg/h6ujA=
25,-64,dODKi90fTkOnBCy7i+h2uop/i24=,rwXfBk5GKjhv2k+zHuHLg/h6ujA=
27,-61,dODKi90fTkOnBCy7i+h2uop/i24=,rwXfBk5GKjhv2k+zHuHLg/h6ujA=
17,-61,dODKi90fTkOnBCy7i+h2uop/i24=,rwXfBk5GKjhv2k+zHuHLg/h6ujA=
21,-56,dODKi90fTkOnBCy7i+h2uop/i24=,rwXfBk5GKjhv2k+zHuHLg/h6ujA=
24,-61,dODKi90fTkOnBCy7i+h2uop/i24=,rwXfBk5GKjhv2k+zHuHLg/h6ujA=
20,-57,dODKi90fTkOnBCy7i+h2uop/i24=,rwXfBk5GKjhv2k+zHuHLg/h6ujA=
20,-60,dODKi90fTkOnBCy7i+h2uop/i24=,rwXfBk5GKjhv2k+zHuHLg/h6ujA=
24,-62,dODKi90fTkOnBCy7i+h2uop/i24=,rwXfBk5GKjhv2k+zHuHLg/h6ujA=
17,-62,dODKi90fTkOnBCy7i+h2uop/i24=,rwXfBk5GKjhv2k+zHuHLg/h6ujA=
24,-57,dODKi90fTkOnBCy7i+h2uop/i24=,rwXfBk5GKjhv2k+zHuHLg/h6ujA=
24,-64,dODKi90fTkOnBCy7i+h2uop/i24=,rwXfBk5GKjhv2k+zHuHLg/h6ujA=
17,-57,dODKi90fTkOnBCy7i+h2uop/i24=,rwXfBk5GKjhv2k+zHuHLg/h6ujA=
17,-58,dODKi90fTkOnBCy7i+h2uop/i24=,rwXfBk5GKjhv2k+zHuHLg/h6ujA=
19,-58,dODKi90fTkOnBCy7i+h2uop/i24=,rwXfBk5GKjhv2k+zHuHLg/h6ujA=
19,-63,dODKi90fTkOnBCy7i+h2uop/i24=,rwXfBk5GKjhv2k+zHuHLg/h6ujA=
18,-58,dODKi90fTkOnBCy7i+h2uop/i24=,rwXfBk5GKjhv2k+zHuHLg/h6ujA=
23,-58,dODKi90fTkOnBCy7i+h2uop/i24=,rwXfBk5GKjhv2k+zHuHLg/h6ujA=
17,-59,dODKi90fTkOnBCy7i+h2uop/i24=,rwXfBk5GKjhv2k+zHuHLg/h6ujA=
19,-59,dODKi90fTkOnBCy7i+h2uop/i24=,rwXfBk5GKjhv2k+zHuHLg/h6ujA=
18,-59,dODKi90fTkOnBCy7i+h2uop/i24=,rwXfBk5GKjhv2k+zHuHLg/h6ujA=
22,-60,dODKi90fTkOnBCy7i+h2uop/i24=,rwXfBk5GKjhv2k+zHuHLg/h6ujA=
18,-61,dODKi90fTkOnBCy7i+h2uop/i24=,rwXfBk5GKjhv2k+zHuHLg/h6ujA=
21,-60,dODKi90fTkOnBCy7i+h2uop/i24=,rwXfBk5GKjhv2k+zHuHLg/h6ujA=
19,-61,dODKi90fTkOnBCy7i+h2uop/i24=,rwXfBk5GKjhv2k+zHuHLg/h6ujA=
19,-60,dODKi90fTkOnBCy7i+h2uop/i24=,rwXfBk5GKjhv2k+zHuHLg/h6ujA=
18,-60,dODKi90fTkOnBCy7i+h2uop/i24=,rwXfBk5GKjhv2k+zHuHLg/h6ujA=
17,-60,dODKi90fTkOnBCy7i+h2uop/i24=,rwXfBk5GKjhv2k+zHuHLg/h6ujA=
22,-58,dODKi90fTkOnBCy7i+h2uop/i24=,rwXfBk5GKjhv2k+zHuHLg/h6ujA=
20,-59,dODKi90fTkOnBCy7i+h2uop/i24=,rwXfBk5GKjhv2k+zHuHLg/h6ujA=
21,-59,dODKi90fTkOnBCy7i+h2uop/i24=,rwXfBk5GKjhv2k+zHuHLg/h6ujA=
21,-58,dODKi90fTkOnBCy7i+h2uop/i24=,rwXfBk5GKjhv2k+zHuHLg/h6ujA=
23,-60,dODKi90fTkOnBCy7i+h2uop/i24=,rwXfBk5GKjhv2k+zHuHLg/h6ujA=
20,-58,dODKi90fTkOnBCy7i+h2uop/i24=,rwXfBk5GKjhv2k+zHuHLg/h6ujA=
22,-59,dODKi90fTkOnBCy7i+h2uop/i24=,rwXfBk5GKjhv2k+zHuHLg/h6ujA=
23,-59,dODKi90fTkOnBCy7i+h2uop/i24=,rwXfBk5GKjhv2k+zHuHLg/h6ujA=
12,-63,BJ8DY5X1W/GJQe+ZeogT10oStd0=,rwXfBk5GKjhv2k+zHuHLg/h6ujA=
14,-58,BJ8DY5X1W/GJQe+ZeogT10oStd0=,rwXfBk5GKjhv2k+zHuHLg/h6ujA=
13,-58,BJ8DY5X1W/GJQe+ZeogT10oStd0=,rwXfBk5GKjhv2k+zHuHLg/h6ujA=
12,-58,BJ8DY5X1W/GJQe+ZeogT10oStd0=,rwXfBk5GKjhv2k+zHuHLg/h6ujA=
14,-59,DalW7LuxTl2Ag5CXIgoxS4akmgg=,rwXfBk5GKjhv2k+zHuHLg/h6ujA=
13,-59,DalW7LuxTl2Ag5CXIgoxS4akmgg=,rwXfBk5GKjhv2k+zHuHLg/h6ujA=
12,-59,DalW7LuxTl2Ag5CXIgoxS4akmgg=,rwXfBk5GKjhv2k+zHuHLg/h6ujA=
14,-60,DalW7LuxTl2Ag5CXIgoxS4akmgg=,rwXfBk5GKjhv2k+zHuHLg/h6ujA=
13,-60,DalW7LuxTl2Ag5CXIgoxS4akmgg=,rwXfBk5GKjhv2k+zHuHLg/h6ujA=
12,-60,DalW7LuxTl2Ag5CXIgoxS4akmgg=,rwXfBk5GKjhv2k+zHuHLg/h6ujA=
14,-61,DalW7LuxTl2Ag5CXIgoxS4akmgg=,rwXfBk5GKjhv2k+zHuHLg/h6ujA=
13,-61,DalW7LuxTl2Ag5CXIgoxS4akmgg=,rwXfBk5GKjhv2k+zHuHLg/h6ujA=
12,-61,DalW7LuxTl2Ag5CXIgoxS4akmgg=,rwXfBk5GKjhv2k+zHuHLg/h6ujA=
14,-62,DalW7LuxTl2Ag5CXIgoxS4akmgg=,rwXfBk5GKjhv2k+zHuHLg/h6ujA=
13,-62,DalW7LuxTl2Ag5CXIgoxS4akmgg=,rwXfBk5GKjhv2k+zHuHLg/h6ujA=
12,-62,DalW7LuxTl2Ag5CXIgoxS4akmgg=,rwXfBk5GKjhv2k+zHuHLg/h6ujA=
14,-63,DalW7LuxTl2Ag5CXIgoxS4akmgg=,rwXfBk5GKjhv2k+zHuHLg/h6ujA=
13,-63,DalW7LuxTl2Ag5CXIgoxS4akmgg=,rwXfBk5GKjhv2k+zHuHLg/h6ujA=
2,-60,DalW7LuxTl2Ag5CXIgoxS4akmgg=,rwXfBk5GKjhv2k+zHuHLg/h6ujA=
2,-59,c1MtV851+9qotD39m0ov4D1VWVA=,rwXfBk5GKjhv2k+zHuHLg/h6ujA=
1,-58,c1MtV851+9qotD39m0ov4D1VWVA=,rwXfBk5GKjhv2k+zHuHLg/h6ujA=
2,-58,c1MtV851+9qotD39m0ov4D1VWVA=,rwXfBk5GKjhv2k+zHuHLg/h6ujA=
14,-52,c1MtV851+9qotD39m0ov4D1VWVA=,rwXfBk5GKjhv2k+zHuHLg/h6ujA=
12,-53,c1MtV851+9qotD39m0ov4D1VWVA=,rwXfBk5GKjhv2k+zHuHLg/h6ujA=
13,-53,c1MtV851+9qotD39m0ov4D1VWVA=,rwXfBk5GKjhv2k+zHuHLg/h6ujA=
14,-51,c1MtV851+9qotD39m0ov4D1VWVA=,rwXfBk5GKjhv2k+zHuHLg/h6ujA=
12,-54,c1MtV851+9qotD39m0ov4D1VWVA=,rwXfBk5GKjhv2k+zHuHLg/h6ujA=
14,-56,c1MtV851+9qotD39m0ov4D1VWVA=,rwXfBk5GKjhv2k+zHuHLg/h6ujA=
12,-55,c1MtV851+9qotD39m0ov4D1VWVA=,rwXfBk5GKjhv2k+zHuHLg/h6ujA=
12,-56,c1MtV851+9qotD39m0ov4D1VWVA=,rwXfBk5GKjhv2k+zHuHLg/h6ujA=
14,-53,c1MtV851+9qotD39m0ov4D1VWVA=,rwXfBk5GKjhv2k+zHuHLg/h6ujA=
13,-54,c1MtV851+9qotD39m0ov4D1VWVA=,rwXfBk5GKjhv2k+zHuHLg/h6ujA=
14,-54,c1MtV851+9qotD39m0ov4D1VWVA=,rwXfBk5GKjhv2k+zHuHLg/h6ujA=
13,-56,c1MtV851+9qotD39m0ov4D1VWVA=,rwXfBk5GKjhv2k+zHuHLg/h6ujA=
11,-51,c1MtV851+9qotD39m0ov4D1VWVA=,rwXfBk5GKjhv2k+zHuHLg/h6ujA=
12,-51,c1MtV851+9qotD39m0ov4D1VWVA=,rwXfBk5GKjhv2k+zHuHLg/h6ujA=
13,-51,c1MtV851+9qotD39m0ov4D1VWVA=,rwXfBk5GKjhv2k+zHuHLg/h6ujA=
13,-55,c1MtV851+9qotD39m0ov4D1VWVA=,rwXfBk5GKjhv2k+zHuHLg/h6ujA=
14,-55,c1MtV851+9qotD39m0ov4D1VWVA=,rwXfBk5GKjhv2k+zHuHLg/h6ujA=
9,-49,MlAgJrHyb0+uxlOvKdun2IIs9RY=,rwXfBk5GKjhv2k+zHuHLg/h6ujA=
8,-49,MlAgJrHyb0+uxlOvKdun2IIs9RY=,rwXfBk5GKjhv2k+zHuHLg/h6ujA=
10,-49,MlAgJrHyb0+uxlOvKdun2IIs9RY=,rwXfBk5GKjhv2k+zHuHLg/h6ujA=
11,-49,MlAgJrHyb0+uxlOvKdun2IIs9RY=,rwXfBk5GKjhv2k+zHuHLg/h6ujA=
12,-49,MlAgJrHyb0+uxlOvKdun2IIs9RY=,rwXfBk5GKjhv2k+zHuHLg/h6ujA=
13,-49,MlAgJrHyb0+uxlOvKdun2IIs9RY=,rwXfBk5GKjhv2k+zHuHLg/h6ujA=
14,-49,MlAgJrHyb0+uxlOvKdun2IIs9RY=,rwXfBk5GKjhv2k+zHuHLg/h6ujA=
7,-57,MlAgJrHyb0+uxlOvKdun2IIs9RY=,rwXfBk5GKjhv2k+zHuHLg/h6ujA=
6,-57,MlAgJrHyb0+uxlOvKdun2IIs9RY=,rwXfBk5GKjhv2k+zHuHLg/h6ujA=
5,-57,8shAqnb55DxxqfYuWbSZyxATvRk=,rwXfBk5GKjhv2k+zHuHLg/h6ujA=
15,-52,8shAqnb55DxxqfYuWbSZyxATvRk=,rwXfBk5GKjhv2k+zHuHLg/h6ujA=
15,-53,8shAqnb55DxxqfYuWbSZyxATvRk=,rwXfBk5GKjhv2k+zHuHLg/h6ujA=
14,-50,8shAqnb55DxxqfYuWbSZyxATvRk=,rwXfBk5GKjhv2k+zHuHLg/h6ujA=
13,-52,8shAqnb55DxxqfYuWbSZyxATvRk=,rwXfBk5GKjhv2k+zHuHLg/h6ujA=
13,-50,8shAqnb55DxxqfYuWbSZyxATvRk=,rwXfBk5GKjhv2k+zHuHLg/h6ujA=
12,-50,8shAqnb55DxxqfYuWbSZyxATvRk=,rwXfBk5GKjhv2k+zHuHLg/h6ujA=
14,-57,8shAqnb55DxxqfYuWbSZyxATvRk=,rwXfBk5GKjhv2k+zHuHLg/h6ujA=
12,-52,5iocHd/m2LHR0AASrFBc1kmk7f8=,rwXfBk5GKjhv2k+zHuHLg/h6ujA=
11,-50,5iocHd/m2LHR0AASrFBc1kmk7f8=,rwXfBk5GKjhv2k+zHuHLg/h6ujA=
13,-57,5iocHd/m2LHR0AASrFBc1kmk7f8=,rwXfBk5GKjhv2k+zHuHLg/h6ujA=
4,-57,5iocHd/m2LHR0AASrFBc1kmk7f8=,rwXfBk5GKjhv2k+zHuHLg/h6ujA=
11,-53,5iocHd/m2LHR0AASrFBc1kmk7f8=,rwXfBk5GKjhv2k+zHuHLg/h6ujA=
9,-58,5iocHd/m2LHR0AASrFBc1kmk7f8=,rwXfBk5GKjhv2k+zHuHLg/h6ujA=
11,-59,5iocHd/m2LHR0AASrFBc1kmk7f8=,rwXfBk5GKjhv2k+zHuHLg/h6ujA=
11,-57,5iocHd/m2LHR0AASrFBc1kmk7f8=,rwXfBk5GKjhv2k+zHuHLg/h6ujA=
7,-58,5iocHd/m2LHR0AASrFBc1kmk7f8=,rwXfBk5GKjhv2k+zHuHLg/h6ujA=
11,-58,5iocHd/m2LHR0AASrFBc1kmk7f8=,rwXfBk5GKjhv2k+zHuHLg/h6ujA=
10,-58,5iocHd/m2LHR0AASrFBc1kmk7f8=,rwXfBk5GKjhv2k+zHuHLg/h6ujA=
7,-52,5iocHd/m2LHR0AASrFBc1kmk7f8=,rwXfBk5GKjhv2k+zHuHLg/h6ujA=
6,-58,5iocHd/m2LHR0AASrFBc1kmk7f8=,rwXfBk5GKjhv2k+zHuHLg/h6ujA=
4,-51,5iocHd/m2LHR0AASrFBc1kmk7f8=,rwXfBk5GKjhv2k+zHuHLg/h6ujA=
8,-54,5iocHd/m2LHR0AASrFBc1kmk7f8=,rwXfBk5GKjhv2k+zHuHLg/h6ujA=
10,-57,5iocHd/m2LHR0AASrFBc1kmk7f8=,rwXfBk5GKjhv2k+zHuHLg/h6ujA=
9,-57,5iocHd/m2LHR0AASrFBc1kmk7f8=,rwXfBk5GKjhv2k+zHuHLg/h6ujA=
5,-58,5iocHd/m2LHR0AASrFBc1kmk7f8=,rwXfBk5GKjhv2k+zHuHLg/h6ujA=
8,-50,5iocHd/m2LHR0AASrFBc1kmk7f8=,rwXfBk5GKjhv2k+zHuHLg/h6ujA=
8,-57,5iocHd/m2LHR0AASrFBc1kmk7f8=,rwXfBk5GKjhv2k+zHuHLg/h6ujA=
4,-58,5iocHd/m2LHR0AASrFBc1kmk7f8=,rwXfBk5GKjhv2k+zHuHLg/h6ujA=
0,-58,5iocHd/m2LHR0AASrFBc1kmk7f8=,rwXfBk5GKjhv2k+zHuHLg/h6ujA=
7,-59,5iocHd/m2LHR0AASrFBc1kmk7f8=,rwXfBk5GKjhv2k+zHuHLg/h6ujA=
8,-58,5iocHd/m2LHR0AASrFBc1kmk7f8=,rwXfBk5GKjhv2k+zHuHLg/h6ujA=
15,-63,5iocHd/m2LHR0AASrFBc1kmk7f8=,rwXfBk5GKjhv2k+zHuHLg/h6ujA=
15,-62,5iocHd/m2LHR0AASrFBc1kmk7f8=,rwXfBk5GKjhv2k+zHuHLg/h6ujA=
0,-59,5iocHd/m2LHR0AASrFBc1kmk7f8=,rwXfBk5GKjhv2k+zHuHLg/h6ujA=
9,-50,5iocHd/m2LHR0AASrFBc1kmk7f8=,rwXfBk5GKjhv2k+zHuHLg/h6ujA=
0,-60,5iocHd/m2LHR0AASrFBc1kmk7f8=,rwXfBk5GKjhv2k+zHuHLg/h6ujA=
15,-50,5iocHd/m2LHR0AASrFBc1kmk7f8=,rwXfBk5GKjhv2k+zHuHLg/h6ujA=
15,-51,5iocHd/m2LHR0AASrFBc1kmk7f8=,rwXfBk5GKjhv2k+zHuHLg/h6ujA=
8,-59,5iocHd/m2LHR0AASrFBc1kmk7f8=,rwXfBk5GKjhv2k+zHuHLg/h6ujA=
6,-59,5iocHd/m2LHR0AASrFBc1kmk7f8=,rwXfBk5GKjhv2k+zHuHLg/h6ujA=
15,-56,5iocHd/m2LHR0AASrFBc1kmk7f8=,rwXfBk5GKjhv2k+zHuHLg/h6ujA=
15,-49,5iocHd/m2LHR0AASrFBc1kmk7f8=,rwXfBk5GKjhv2k+zHuHLg/h6ujA=
15,-55,5iocHd/m2LHR0AASrFBc1kmk7f8=,rwXfBk5GKjhv2k+zHuHLg/h6ujA=
15,-54,5iocHd/m2LHR0AASrFBc1kmk7f8=,rwXfBk5GKjhv2k+zHuHLg/h6ujA=
10,-50,5iocHd/m2LHR0AASrFBc1kmk7f8=,rwXfBk5GKjhv2k+zHuHLg/h6ujA=
8,-60,5iocHd/m2LHR0AASrFBc1kmk7f8=,rwXfBk5GKjhv2k+zHuHLg/h6ujA=
5,-59,5iocHd/m2LHR0AASrFBc1kmk7f8=,rwXfBk5GKjhv2k+zHuHLg/h6ujA=
15,-58,5iocHd/m2LHR0AASrFBc1kmk7f8=,rwXfBk5GKjhv2k+zHuHLg/h6ujA=
0,-56,5iocHd/m2LHR0AASrFBc1kmk7f8=,rwXfBk5GKjhv2k+zHuHLg/h6ujA=
0,-57,5iocHd/m2LHR0AASrFBc1kmk7f8=,rwXfBk5GKjhv2k+zHuHLg/h6ujA=
15,-59,5iocHd/m2LHR0AASrFBc1kmk7f8=,rwXfBk5GKjhv2k+zHuHLg/h6ujA=
9,-60,5iocHd/m2LHR0AASrFBc1kmk7f8=,rwXfBk5GKjhv2k+zHuHLg/h6ujA=
15,-60,5iocHd/m2LHR0AASrFBc1kmk7f8=,rwXfBk5GKjhv2k+zHuHLg/h6ujA=
10,-60,5iocHd/m2LHR0AASrFBc1kmk7f8=,rwXfBk5GKjhv2k+zHuHLg/h6ujA=
0,-53,5iocHd/m2LHR0AASrFBc1kmk7f8=,rwXfBk5GKjhv2k+zHuHLg/h6ujA=
9,-54,5iocHd/m2LHR0AASrFBc1kmk7f8=,rwXfBk5GKjhv2k+zHuHLg/h6ujA=
15,-57,5iocHd/m2LHR0AASrFBc1kmk7f8=,rwXfBk5GKjhv2k+zHuHLg/h6ujA=
11,-60,5iocHd/m2LHR0AASrFBc1kmk7f8=,rwXfBk5GKjhv2k+zHuHLg/h6ujA=
4,-59,5iocHd/m2LHR0AASrFBc1kmk7f8=,rwXfBk5GKjhv2k+zHuHLg/h6ujA=
9,-59,5iocHd/m2LHR0AASrFBc1kmk7f8=,rwXfBk5GKjhv2k+zHuHLg/h6ujA=
0,-54,5iocHd/m2LHR0AASrFBc1kmk7f8=,rwXfBk5GKjhv2k+zHuHLg/h6ujA=
12,-57,5iocHd/m2LHR0AASrFBc1kmk7f8=,rwXfBk5GKjhv2k+zHuHLg/h6ujA=
7,-60,5iocHd/m2LHR0AASrFBc1kmk7f8=,rwXfBk5GKjhv2k+zHuHLg/h6ujA=
1,-60,5iocHd/m2LHR0AASrFBc1kmk7f8=,rwXfBk5GKjhv2k+zHuHLg/h6ujA=
0,-55,5iocHd/m2LHR0AASrFBc1kmk7f8=,rwXfBk5GKjhv2k+zHuHLg/h6ujA=
10,-59,5iocHd/m2LHR0AASrFBc1kmk7f8=,rwXfBk5GKjhv2k+zHuHLg/h6ujA=
9,-53,5iocHd/m2LHR0AASrFBc1kmk7f8=,rwXfBk5GKjhv2k+zHuHLg/h6ujA=
12,-64,5iocHd/m2LHR0AASrFBc1kmk7f8=,rwXfBk5GKjhv2k+zHuHLg/h6ujA=
13,-64,5iocHd/m2LHR0AASrFBc1kmk7f8=,rwXfBk5GKjhv2k+zHuHLg/h6ujA=
14,-64,5iocHd/m2LHR0AASrFBc1kmk7f8=,rwXfBk5GKjhv2k+zHuHLg/h6ujA=
15,-64,5iocHd/m2LHR0AASrFBc1kmk7f8=,rwXfBk5GKjhv2k+zHuHLg/h6ujA=
7,-49,5iocHd/m2LHR0AASrFBc1kmk7f8=,rwXfBk5GKjhv2k+zHuHLg/h6ujA=
11,-52,5iocHd/m2LHR0AASrFBc1kmk7f8=,rwXfBk5GKjhv2k+zHuHLg/h6ujA=
6,-60,5iocHd/m2LHR0AASrFBc1kmk7f8=,rwXfBk5GKjhv2k+zHuHLg/h6ujA=
7,-64,5iocHd/m2LHR0AASrFBc1kmk7f8=,rwXfBk5GKjhv2k+zHuHLg/h6ujA=
11,-64,5iocHd/m2LHR0AASrFBc1kmk7f8=,rwXfBk5GKjhv2k+zHuHLg/h6ujA=
5,-51,5iocHd/m2LHR0AASrFBc1kmk7f8=,rwXfBk5GKjhv2k+zHuHLg/h6ujA=
5,-60,5iocHd/m2LHR0AASrFBc1kmk7f8=,rwXfBk5GKjhv2k+zHuHLg/h6ujA=
3,-64,5iocHd/m2LHR0AASrFBc1kmk7f8=,rwXfBk5GKjhv2k+zHuHLg/h6ujA=
3,-60,5iocHd/m2LHR0AASrFBc1kmk7f8=,rwXfBk5GKjhv2k+zHuHLg/h6ujA=
10,-64,5iocHd/m2LHR0AASrFBc1kmk7f8=,rwXfBk5GKjhv2k+zHuHLg/h6ujA=
1,-59,5iocHd/m2LHR0AASrFBc1kmk7f8=,rwXfBk5GKjhv2k+zHuHLg/h6ujA=
7,-53,5iocHd/m2LHR0AASrFBc1kmk7f8=,rwXfBk5GKjhv2k+zHuHLg/h6ujA=
9,-64,5iocHd/m2LHR0AASrFBc1kmk7f8=,rwXfBk5GKjhv2k+zHuHLg/h6ujA=
4,-60,5iocHd/m2LHR0AASrFBc1kmk7f8=,rwXfBk5GKjhv2k+zHuHLg/h6ujA=
3,-53,5iocHd/m2LHR0AASrFBc1kmk7f8=,rwXfBk5GKjhv2k+zHuHLg/h6ujA=
2,-64,5iocHd/m2LHR0AASrFBc1kmk7f8=,rwXfBk5GKjhv2k+zHuHLg/h6ujA=
11,-63,5iocHd/m2LHR0AASrFBc1kmk7f8=,rwXfBk5GKjhv2k+zHuHLg/h6ujA=
10,-63,5iocHd/m2LHR0AASrFBc1kmk7f8=,rwXfBk5GKjhv2k+zHuHLg/h6ujA=
11,-61,5iocHd/m2LHR0AASrFBc1kmk7f8=,rwXfBk5GKjhv2k+zHuHLg/h6ujA=
3,-59,5iocHd/m2LHR0AASrFBc1kmk7f8=,rwXfBk5GKjhv2k+zHuHLg/h6ujA=
9,-63,5iocHd/m2LHR0AASrFBc1kmk7f8=,rwXfBk5GKjhv2k+zHuHLg/h6ujA=
1,-57,5iocHd/m2LHR0AASrFBc1kmk7f8=,rwXfBk5GKjhv2k+zHuHLg/h6ujA=
0,-49,5iocHd/m2LHR0AASrFBc1kmk7f8=,rwXfBk5GKjhv2k+zHuHLg/h6ujA=
3,-58,5iocHd/m2LHR0AASrFBc1kmk7f8=,rwXfBk5GKjhv2k+zHuHLg/h6ujA=
0,-64,5iocHd/m2LHR0AASrFBc1kmk7f8=,rwXfBk5GKjhv2k+zHuHLg/h6ujA=
8,-64,5iocHd/m2LHR0AASrFBc1kmk7f8=,rwXfBk5GKjhv2k+zHuHLg/h6ujA=
10,-61,5iocHd/m2LHR0AASrFBc1kmk7f8=,rwXfBk5GKjhv2k+zHuHLg/h6ujA=
1,-63,5iocHd/m2LHR0AASrFBc1kmk7f8=,rwXfBk5GKjhv2k+zHuHLg/h6ujA=
2,-63,5iocHd/m2LHR0AASrFBc1kmk7f8=,rwXfBk5GKjhv2k+zHuHLg/h6ujA=
2,-57,5iocHd/m2LHR0AASrFBc1kmk7f8=,rwXfBk5GKjhv2k+zHuHLg/h6ujA=
3,-63,5iocHd/m2LHR0AASrFBc1kmk7f8=,rwXfBk5GKjhv2k+zHuHLg/h6ujA=
3,-57,5iocHd/m2LHR0AASrFBc1kmk7f8=,rwXfBk5GKjhv2k+zHuHLg/h6ujA=
0,-51,5iocHd/m2LHR0AASrFBc1kmk7f8=,rwXfBk5GKjhv2k+zHuHLg/h6ujA=
6,-64,5iocHd/m2LHR0AASrFBc1kmk7f8=,rwXfBk5GKjhv2k+zHuHLg/h6ujA=
2,-62,5iocHd/m2LHR0AASrFBc1kmk7f8=,rwXfBk5GKjhv2k+zHuHLg/h6ujA=
1,-55,5iocHd/m2LHR0AASrFBc1kmk7f8=,rwXfBk5GKjhv2k+zHuHLg/h6ujA=
1,-61,5iocHd/m2LHR0AASrFBc1kmk7f8=,rwXfBk5GKjhv2k+zHuHLg/h6ujA=
1,-62,5iocHd/m2LHR0AASrFBc1kmk7f8=,rwXfBk5GKjhv2k+zHuHLg/h6ujA=
1,-64,5iocHd/m2LHR0AASrFBc1kmk7f8=,rwXfBk5GKjhv2k+zHuHLg/h6ujA=
2,-55,5iocHd/m2LHR0AASrFBc1kmk7f8=,rwXfBk5GKjhv2k+zHuHLg/h6ujA=
2,-56,5iocHd/m2LHR0AASrFBc1kmk7f8=,rwXfBk5GKjhv2k+zHuHLg/h6ujA=
3,-62,5iocHd/m2LHR0AASrFBc1kmk7f8=,rwXfBk5GKjhv2k+zHuHLg/h6ujA=
1,-54,5iocHd/m2LHR0AASrFBc1kmk7f8=,rwXfBk5GKjhv2k+zHuHLg/h6ujA=
11,-62,5iocHd/m2LHR0AASrFBc1kmk7f8=,rwXfBk5GKjhv2k+zHuHLg/h6ujA=
3,-56,5iocHd/m2LHR0AASrFBc1kmk7f8=,rwXfBk5GKjhv2k+zHuHLg/h6ujA=
1,-56,5iocHd/m2LHR0AASrFBc1kmk7f8=,rwXfBk5GKjhv2k+zHuHLg/h6ujA=
5,-64,5iocHd/m2LHR0AASrFBc1kmk7f8=,rwXfBk5GKjhv2k+zHuHLg/h6ujA=
9,-61,5iocHd/m2LHR0AASrFBc1kmk7f8=,rwXfBk5GKjhv2k+zHuHLg/h6ujA=
0,-52,5iocHd/m2LHR0AASrFBc1kmk7f8=,rwXfBk5GKjhv2k+zHuHLg/h6ujA=
8,-53,5iocHd/m2LHR0AASrFBc1kmk7f8=,rwXfBk5GKjhv2k+zHuHLg/h6ujA=
3,-55,5iocHd/m2LHR0AASrFBc1kmk7f8=,rwXfBk5GKjhv2k+zHuHLg/h6ujA=
0,-61,5iocHd/m2LHR0AASrFBc1kmk7f8=,rwXfBk5GKjhv2k+zHuHLg/h6ujA=
2,-54,5iocHd/m2LHR0AASrFBc1kmk7f8=,rwXfBk5GKjhv2k+zHuHLg/h6ujA=
2,-53,5iocHd/m2LHR0AASrFBc1kmk7f8=,rwXfBk5GKjhv2k+zHuHLg/h6ujA=
10,-62,5iocHd/m2LHR0AASrFBc1kmk7f8=,rwXfBk5GKjhv2k+zHuHLg/h6ujA=
9,-62,5iocHd/m2LHR0AASrFBc1kmk7f8=,rwXfBk5GKjhv2k+zHuHLg/h6ujA=
5,-63,5iocHd/m2LHR0AASrFBc1kmk7f8=,rwXfBk5GKjhv2k+zHuHLg/h6ujA=
2,-61,5iocHd/m2LHR0AASrFBc1kmk7f8=,rwXfBk5GKjhv2k+zHuHLg/h6ujA=
1,-50,5iocHd/m2LHR0AASrFBc1kmk7f8=,rwXfBk5GKjhv2k+zHuHLg/h6ujA=
3,-61,5iocHd/m2LHR0AASrFBc1kmk7f8=,rwXfBk5GKjhv2k+zHuHLg/h6ujA=
4,-63,5iocHd/m2LHR0AASrFBc1kmk7f8=,rwXfBk5GKjhv2k+zHuHLg/h6ujA=
7,-63,5iocHd/m2LHR0AASrFBc1kmk7f8=,rwXfBk5GKjhv2k+zHuHLg/h6ujA=
0,-63,5iocHd/m2LHR0AASrFBc1kmk7f8=,rwXfBk5GKjhv2k+zHuHLg/h6ujA=
6,-63,5iocHd/m2LHR0AASrFBc1kmk7f8=,rwXfBk5GKjhv2k+zHuHLg/h6ujA=
15,-61,5iocHd/m2LHR0AASrFBc1kmk7f8=,rwXfBk5GKjhv2k+zHuHLg/h6ujA=
6,-62,5iocHd/m2LHR0AASrFBc1kmk7f8=,rwXfBk5GKjhv2k+zHuHLg/h6ujA=
0,-62,5iocHd/m2LHR0AASrFBc1kmk7f8=,rwXfBk5GKjhv2k+zHuHLg/h6ujA=
4,-64,5iocHd/m2LHR0AASrFBc1kmk7f8=,rwXfBk5GKjhv2k+zHuHLg/h6ujA=
5,-61,5iocHd/m2LHR0AASrFBc1kmk7f8=,rwXfBk5GKjhv2k+zHuHLg/h6ujA=
7,-62,5iocHd/m2LHR0AASrFBc1kmk7f8=,rwXfBk5GKjhv2k+zHuHLg/h6ujA=
4,-61,5iocHd/m2LHR0AASrFBc1kmk7f8=,rwXfBk5GKjhv2k+zHuHLg/h6ujA=
3,-54,5iocHd/m2LHR0AASrFBc1kmk7f8=,rwXfBk5GKjhv2k+zHuHLg/h6ujA=
4,-62,5iocHd/m2LHR0AASrFBc1kmk7f8=,rwXfBk5GKjhv2k+zHuHLg/h6ujA=
5,-62,5iocHd/m2LHR0AASrFBc1kmk7f8=,rwXfBk5GKjhv2k+zHuHLg/h6ujA=
7,-61,5iocHd/m2LHR0AASrFBc1kmk7f8=,rwXfBk5GKjhv2k+zHuHLg/h6ujA=
0,-50,5iocHd/m2LHR0AASrFBc1kmk7f8=,rwXfBk5GKjhv2k+zHuHLg/h6ujA=
8,-63,5iocHd/m2LHR0AASrFBc1kmk7f8=,rwXfBk5GKjhv2k+zHuHLg/h6ujA=
10,-53,5iocHd/m2LHR0AASrFBc1kmk7f8=,rwXfBk5GKjhv2k+zHuHLg/h6ujA=
8,-61,5iocHd/m2LHR0AASrFBc1kmk7f8=,rwXfBk5GKjhv2k+zHuHLg/h6ujA=
5,-55,5iocHd/m2LHR0AASrFBc1kmk7f8=,rwXfBk5GKjhv2k+zHuHLg/h6ujA=
8,-62,5iocHd/m2LHR0AASrFBc1kmk7f8=,rwXfBk5GKjhv2k+zHuHLg/h6ujA=
6,-56,5iocHd/m2LHR0AASrFBc1kmk7f8=,rwXfBk5GKjhv2k+zHuHLg/h6ujA=
4,-50,5iocHd/m2LHR0AASrFBc1kmk7f8=,rwXfBk5GKjhv2k+zHuHLg/h6ujA=
5,-50,5iocHd/m2LHR0AASrFBc1kmk7f8=,rwXfBk5GKjhv2k+zHuHLg/h6ujA=
6,-51,5iocHd/m2LHR0AASrFBc1kmk7f8=,rwXfBk5GKjhv2k+zHuHLg/h6ujA=
1,-53,5iocHd/m2LHR0AASrFBc1kmk7f8=,rwXfBk5GKjhv2k+zHuHLg/h6ujA=
6,-61,5iocHd/m2LHR0AASrFBc1kmk7f8=,rwXfBk5GKjhv2k+zHuHLg/h6ujA=
4,-55,5iocHd/m2LHR0AASrFBc1kmk7f8=,rwXfBk5GKjhv2k+zHuHLg/h6ujA=
4,-49,5iocHd/m2LHR0AASrFBc1kmk7f8=,rwXfBk5GKjhv2k+zHuHLg/h6ujA=
4,-54,5iocHd/m2LHR0AASrFBc1kmk7f8=,rwXfBk5GKjhv2k+zHuHLg/h6ujA=
5,-49,5iocHd/m2LHR0AASrFBc1kmk7f8=,rwXfBk5GKjhv2k+zHuHLg/h6ujA=
5,-56,5iocHd/m2LHR0AASrFBc1kmk7f8=,rwXfBk5GKjhv2k+zHuHLg/h6ujA=
7,-54,5iocHd/m2LHR0AASrFBc1kmk7f8=,rwXfBk5GKjhv2k+zHuHLg/h6ujA=
4,-56,5iocHd/m2LHR0AASrFBc1kmk7f8=,rwXfBk5GKjhv2k+zHuHLg/h6ujA=
5,-54,5iocHd/m2LHR0AASrFBc1kmk7f8=,rwXfBk5GKjhv2k+zHuHLg/h6ujA=
11,-54,5iocHd/m2LHR0AASrFBc1kmk7f8=,rwXfBk5GKjhv2k+zHuHLg/h6ujA=
6,-55,5iocHd/m2LHR0AASrFBc1kmk7f8=,rwXfBk5GKjhv2k+zHuHLg/h6ujA=
6,-50,5iocHd/m2LHR0AASrFBc1kmk7f8=,rwXfBk5GKjhv2k+zHuHLg/h6ujA=
11,-55,5iocHd/m2LHR0AASrFBc1kmk7f8=,rwXfBk5GKjhv2k+zHuHLg/h6ujA=
8,-55,5iocHd/m2LHR0AASrFBc1kmk7f8=,rwXfBk5GKjhv2k+zHuHLg/h6ujA=
5,-53,5iocHd/m2LHR0AASrFBc1kmk7f8=,rwXfBk5GKjhv2k+zHuHLg/h6ujA=
3,-51,5iocHd/m2LHR0AASrFBc1kmk7f8=,rwXfBk5GKjhv2k+zHuHLg/h6ujA=
6,-52,5iocHd/m2LHR0AASrFBc1kmk7f8=,rwXfBk5GKjhv2k+zHuHLg/h6ujA=
5,-52,5iocHd/m2LHR0AASrFBc1kmk7f8=,rwXfBk5GKjhv2k+zHuHLg/h6ujA=
6,-49,5iocHd/m2LHR0AASrFBc1kmk7f8=,rwXfBk5GKjhv2k+zHuHLg/h6ujA=
9,-55,5iocHd/m2LHR0AASrFBc1kmk7f8=,rwXfBk5GKjhv2k+zHuHLg/h6ujA=
8,-56,5iocHd/m2LHR0AASrFBc1kmk7f8=,rwXfBk5GKjhv2k+zHuHLg/h6ujA=
2,-50,5iocHd/m2LHR0AASrFBc1kmk7f8=,rwXfBk5GKjhv2k+zHuHLg/h6ujA=
6,-53,5iocHd/m2LHR0AASrFBc1kmk7f8=,rwXfBk5GKjhv2k+zHuHLg/h6ujA=
9,-56,5iocHd/m2LHR0AASrFBc1kmk7f8=,rwXfBk5GKjhv2k+zHuHLg/h6ujA=
10,-56,5iocHd/m2LHR0AASrFBc1kmk7f8=,rwXfBk5GKjhv2k+zHuHLg/h6ujA=
10,-51,5iocHd/m2LHR0AASrFBc1kmk7f8=,rwXfBk5GKjhv2k+zHuHLg/h6ujA=
7,-50,5iocHd/m2LHR0AASrFBc1kmk7f8=,rwXfBk5GKjhv2k+zHuHLg/h6ujA=
10,-55,5iocHd/m2LHR0AASrFBc1kmk7f8=,rwXfBk5GKjhv2k+zHuHLg/h6ujA=
4,-52,5iocHd/m2LHR0AASrFBc1kmk7f8=,rwXfBk5GKjhv2k+zHuHLg/h6ujA=
7,-51,5iocHd/m2LHR0AASrFBc1kmk7f8=,rwXfBk5GKjhv2k+zHuHLg/h6ujA=
10,-54,5iocHd/m2LHR0AASrFBc1kmk7f8=,rwXfBk5GKjhv2k+zHuHLg/h6ujA=
4,-53,5iocHd/m2LHR0AASrFBc1kmk7f8=,rwXfBk5GKjhv2k+zHuHLg/h6ujA=
6,-54,5iocHd/m2LHR0AASrFBc1kmk7f8=,rwXfBk5GKjhv2k+zHuHLg/h6ujA=
2,-51,5iocHd/m2LHR0AASrFBc1kmk7f8=,rwXfBk5GKjhv2k+zHuHLg/h6ujA=
8,-51,5iocHd/m2LHR0AASrFBc1kmk7f8=,rwXfBk5GKjhv2k+zHuHLg/h6ujA=
10,-52,5iocHd/m2LHR0AASrFBc1kmk7f8=,rwXfBk5GKjhv2k+zHuHLg/h6ujA=
1,-49,5iocHd/m2LHR0AASrFBc1kmk7f8=,rwXfBk5GKjhv2k+zHuHLg/h6ujA=
1,-51,5iocHd/m2LHR0AASrFBc1kmk7f8=,rwXfBk5GKjhv2k+zHuHLg/h6ujA=
11,-56,5iocHd/m2LHR0AASrFBc1kmk7f8=,rwXfBk5GKjhv2k+zHuHLg/h6ujA=
7,-56,5iocHd/m2LHR0AASrFBc1kmk7f8=,rwXfBk5GKjhv2k+zHuHLg/h6ujA=
3,-52,5iocHd/m2LHR0AASrFBc1kmk7f8=,rwXfBk5GKjhv2k+zHuHLg/h6ujA=
2,-52,5iocHd/m2LHR0AASrFBc1kmk7f8=,rwXfBk5GKjhv2k+zHuHLg/h6ujA=
1,-52,5iocHd/m2LHR0AASrFBc1kmk7f8=,rwXfBk5GKjhv2k+zHuHLg/h6ujA=
7,-55,5iocHd/m2LHR0AASrFBc1kmk7f8=,rwXfBk5GKjhv2k+zHuHLg/h6ujA=
3,-49,5iocHd/m2LHR0AASrFBc1kmk7f8=,rwXfBk5GKjhv2k+zHuHLg/h6ujA=
3,-50,5iocHd/m2LHR0AASrFBc1kmk7f8=,rwXfBk5GKjhv2k+zHuHLg/h6ujA=
2,-49,5iocHd/m2LHR0AASrFBc1kmk7f8=,rwXfBk5GKjhv2k+zHuHLg/h6ujA=
9,-51,5iocHd/m2LHR0AASrFBc1kmk7f8=,rwXfBk5GKjhv2k+zHuHLg/h6ujA=
9,-52,5iocHd/m2LHR0AASrFBc1kmk7f8=,rwXfBk5GKjhv2k+zHuHLg/h6ujA=
8,-52,5iocHd/m2LHR0AASrFBc1kmk7f8=,rwXfBk5GKjhv2k+zHuHLg/h6ujA=
9,-47,5iocHd/m2LHR0AASrFBc1kmk7f8=,rwXfBk5GKjhv2k+zHuHLg/h6ujA=
10,-47,5iocHd/m2LHR0AASrFBc1kmk7f8=,rwXfBk5GKjhv2k+zHuHLg/h6ujA=
11,-47,5iocHd/m2LHR0AASrFBc1kmk7f8=,rwXfBk5GKjhv2k+zHuHLg/h6ujA=
12,-47,5iocHd/m2LHR0AASrFBc1kmk7f8=,rwXfBk5GKjhv2k+zHuHLg/h6ujA=
13,-47,5iocHd/m2LHR0AASrFBc1kmk7f8=,rwXfBk5GKjhv2k+zHuHLg/h6ujA=
14,-47,5iocHd/m2LHR0AASrFBc1kmk7f8=,rwXfBk5GKjhv2k+zHuHLg/h6ujA=
9,-46,5iocHd/m2LHR0AASrFBc1kmk7f8=,rwXfBk5GKjhv2k+zHuHLg/h6ujA=
10,-46,5iocHd/m2LHR0AASrFBc1kmk7f8=,rwXfBk5GKjhv2k+zHuHLg/h6ujA=
11,-46,5iocHd/m2LHR0AASrFBc1kmk7f8=,rwXfBk5GKjhv2k+zHuHLg/h6ujA=
12,-46,LYAIB4micWQQRgHZp2CKnLw9GZ0=,rwXfBk5GKjhv2k+zHuHLg/h6ujA=
13,-46,LYAIB4micWQQRgHZp2CKnLw9GZ0=,rwXfBk5GKjhv2k+zHuHLg/h6ujA=
14,-46,LYAIB4micWQQRgHZp2CKnLw9GZ0=,rwXfBk5GKjhv2k+zHuHLg/h6ujA=
9,-45,LYAIB4micWQQRgHZp2CKnLw9GZ0=,rwXfBk5GKjhv2k+zHuHLg/h6ujA=
10,-45,LYAIB4micWQQRgHZp2CKnLw9GZ0=,rwXfBk5GKjhv2k+zHuHLg/h6ujA=
11,-45,LYAIB4micWQQRgHZp2CKnLw9GZ0=,rwXfBk5GKjhv2k+zHuHLg/h6ujA=
12,-45,LYAIB4micWQQRgHZp2CKnLw9GZ0=,rwXfBk5GKjhv2k+zHuHLg/h6ujA=
13,-45,LYAIB4micWQQRgHZp2CKnLw9GZ0=,rwXfBk5GKjhv2k+zHuHLg/h6ujA=
8,-47,LYAIB4micWQQRgHZp2CKnLw9GZ0=,rwXfBk5GKjhv2k+zHuHLg/h6ujA=
7,-47,LYAIB4micWQQRgHZp2CKnLw9GZ0=,rwXfBk5GKjhv2k+zHuHLg/h6ujA=
8,-46,LYAIB4micWQQRgHZp2CKnLw9GZ0=,rwXfBk5GKjhv2k+zHuHLg/h6ujA=
7,-46,LYAIB4micWQQRgHZp2CKnLw9GZ0=,rwXfBk5GKjhv2k+zHuHLg/h6ujA=
8,-45,LYAIB4micWQQRgHZp2CKnLw9GZ0=,rwXfBk5GKjhv2k+zHuHLg/h6ujA=
14,-45,LYAIB4micWQQRgHZp2CKnLw9GZ0=,rwXfBk5GKjhv2k+zHuHLg/h6ujA=
9,-44,LYAIB4micWQQRgHZp2CKnLw9GZ0=,rwXfBk5GKjhv2k+zHuHLg/h6ujA=
9,-48,LYAIB4micWQQRgHZp2CKnLw9GZ0=,rwXfBk5GKjhv2k+zHuHLg/h6ujA=
10,-48,LYAIB4micWQQRgHZp2CKnLw9GZ0=,rwXfBk5GKjhv2k+zHuHLg/h6ujA=
11,-48,LYAIB4micWQQRgHZp2CKnLw9GZ0=,rwXfBk5GKjhv2k+zHuHLg/h6ujA=
12,-48,LYAIB4micWQQRgHZp2CKnLw9GZ0=,rwXfBk5GKjhv2k+zHuHLg/h6ujA=
13,-48,LYAIB4micWQQRgHZp2CKnLw9GZ0=,rwXfBk5GKjhv2k+zHuHLg/h6ujA=
14,-48,LYAIB4micWQQRgHZp2CKnLw9GZ0=,rwXfBk5GKjhv2k+zHuHLg/h6ujA=
14,-40,LYAIB4micWQQRgHZp2CKnLw9GZ0=,rwXfBk5GKjhv2k+zHuHLg/h6ujA=
9,-39,LYAIB4micWQQRgHZp2CKnLw9GZ0=,rwXfBk5GKjhv2k+zHuHLg/h6ujA=
10,-39,LYAIB4micWQQRgHZp2CKnLw9GZ0=,rwXfBk5GKjhv2k+zHuHLg/h6ujA=
11,-39,LYAIB4micWQQRgHZp2CKnLw9GZ0=,rwXfBk5GKjhv2k+zHuHLg/h6ujA=
12,-39,FdKVJ+FcwVDno2qtBvBi6+DBrFY=,rwXfBk5GKjhv2k+zHuHLg/h6ujA=
13,-39,FdKVJ+FcwVDno2qtBvBi6+DBrFY=,rwXfBk5GKjhv2k+zHuHLg/h6ujA=
10,-40,FdKVJ+FcwVDno2qtBvBi6+DBrFY=,rwXfBk5GKjhv2k+zHuHLg/h6ujA=
7,-38,FdKVJ+FcwVDno2qtBvBi6+DBrFY=,rwXfBk5GKjhv2k+zHuHLg/h6ujA=
7,-39,FdKVJ+FcwVDno2qtBvBi6+DBrFY=,rwXfBk5GKjhv2k+zHuHLg/h6ujA=
7,-40,FdKVJ+FcwVDno2qtBvBi6+DBrFY=,rwXfBk5GKjhv2k+zHuHLg/h6ujA=
6,-40,FdKVJ+FcwVDno2qtBvBi6+DBrFY=,rwXfBk5GKjhv2k+zHuHLg/h6ujA=
5,-40,FdKVJ+FcwVDno2qtBvBi6+DBrFY=,rwXfBk5GKjhv2k+zHuHLg/h6ujA=
4,-40,FdKVJ+FcwVDno2qtBvBi6+DBrFY=,rwXfBk5GKjhv2k+zHuHLg/h6ujA=
5,-37,FdKVJ+FcwVDno2qtBvBi6+DBrFY=,rwXfBk5GKjhv2k+zHuHLg/h6ujA=
6,-37,FdKVJ+FcwVDno2qtBvBi6+DBrFY=,rwXfBk5GKjhv2k+zHuHLg/h6ujA=
4,-37,c8yEUbwn47H1gzFM6c6WeyrbY3k=,rwXfBk5GKjhv2k+zHuHLg/h6ujA=
6,-38,c8yEUbwn47H1gzFM6c6WeyrbY3k=,rwXfBk5GKjhv2k+zHuHLg/h6ujA=
5,-38,c8yEUbwn47H1gzFM6c6WeyrbY3k=,rwXfBk5GKjhv2k+zHuHLg/h6ujA=
4,-38,c8yEUbwn47H1gzFM6c6WeyrbY3k=,rwXfBk5GKjhv2k+zHuHLg/h6ujA=
6,-39,c8yEUbwn47H1gzFM6c6WeyrbY3k=,rwXfBk5GKjhv2k+zHuHLg/h6ujA=
7,-33,c8yEUbwn47H1gzFM6c6WeyrbY3k=,rwXfBk5GKjhv2k+zHuHLg/h6ujA=
5,-39,c8yEUbwn47H1gzFM6c6WeyrbY3k=,rwXfBk5GKjhv2k+zHuHLg/h6ujA=
7,-34,c8yEUbwn47H1gzFM6c6WeyrbY3k=,rwXfBk5GKjhv2k+zHuHLg/h6ujA=
14,-42,c8yEUbwn47H1gzFM6c6WeyrbY3k=,rwXfBk5GKjhv2k+zHuHLg/h6ujA=
13,-42,5xtRmiWgp3oAdVY3e61bBaDRuLI=,rwXfBk5GKjhv2k+zHuHLg/h6ujA=
12,-42,5xtRmiWgp3oAdVY3e61bBaDRuLI=,rwXfBk5GKjhv2k+zHuHLg/h6ujA=
6,-35,5xtRmiWgp3oAdVY3e61bBaDRuLI=,rwXfBk5GKjhv2k+zHuHLg/h6ujA=
11,-42,5xtRmiWgp3oAdVY3e61bBaDRuLI=,rwXfBk5GKjhv2k+zHuHLg/h6ujA=
13,-40,F1W0d2w9+ezF7fgJntvA5XMaiis=,rwXfBk5GKjhv2k+zHuHLg/h6ujA=
10,-42,F1W0d2w9+ezF7fgJntvA5XMaiis=,rwXfBk5GKjhv2k+zHuHLg/h6ujA=
9,-40,F1W0d2w9+ezF7fgJntvA5XMaiis=,rwXfBk5GKjhv2k+zHuHLg/h6ujA=
9,-42,F1W0d2w9+ezF7fgJntvA5XMaiis=,rwXfBk5GKjhv2k+zHuHLg/h6ujA=
12,-40,F1W0d2w9+ezF7fgJntvA5XMaiis=,rwXfBk5GKjhv2k+zHuHLg/h6ujA=
15,-40,F1W0d2w9+ezF7fgJntvA5XMaiis=,rwXfBk5GKjhv2k+zHuHLg/h6ujA=
15,-47,F1W0d2w9+ezF7fgJntvA5XMaiis=,rwXfBk5GKjhv2k+zHuHLg/h6ujA=
15,-46,F1W0d2w9+ezF7fgJntvA5XMaiis=,rwXfBk5GKjhv2k+zHuHLg/h6ujA=
15,-44,F1W0d2w9+ezF7fgJntvA5XMaiis=,rwXfBk5GKjhv2k+zHuHLg/h6ujA=
15,-45,F1W0d2w9+ezF7fgJntvA5XMaiis=,rwXfBk5GKjhv2k+zHuHLg/h6ujA=
15,-42,F1W0d2w9+ezF7fgJntvA5XMaiis=,rwXfBk5GKjhv2k+zHuHLg/h6ujA=
15,-43,F1W0d2w9+ezF7fgJntvA5XMaiis=,rwXfBk5GKjhv2k+zHuHLg/h6ujA=
15,-41,F1W0d2w9+ezF7fgJntvA5XMaiis=,rwXfBk5GKjhv2k+zHuHLg/h6ujA=
4,-39,F1W0d2w9+ezF7fgJntvA5XMaiis=,rwXfBk5GKjhv2k+zHuHLg/h6ujA=
7,-35,F1W0d2w9+ezF7fgJntvA5XMaiis=,rwXfBk5GKjhv2k+zHuHLg/h6ujA=
4,-34,F1W0d2w9+ezF7fgJntvA5XMaiis=,rwXfBk5GKjhv2k+zHuHLg/h6ujA=
5,-35,F1W0d2w9+ezF7fgJntvA5XMaiis=,rwXfBk5GKjhv2k+zHuHLg/h6ujA=
6,-34,F1W0d2w9+ezF7fgJntvA5XMaiis=,rwXfBk5GKjhv2k+zHuHLg/h6ujA=
5,-34,F1W0d2w9+ezF7fgJntvA5XMaiis=,rwXfBk5GKjhv2k+zHuHLg/h6ujA=
10,-36,F1W0d2w9+ezF7fgJntvA5XMaiis=,rwXfBk5GKjhv2k+zHuHLg/h6ujA=
10,-34,F1W0d2w9+ezF7fgJntvA5XMaiis=,rwXfBk5GKjhv2k+zHuHLg/h6ujA=
4,-35,F1W0d2w9+ezF7fgJntvA5XMaiis=,rwXfBk5GKjhv2k+zHuHLg/h6ujA=
11,-36,F1W0d2w9+ezF7fgJntvA5XMaiis=,rwXfBk5GKjhv2k+zHuHLg/h6ujA=
6,-36,F1W0d2w9+ezF7fgJntvA5XMaiis=,rwXfBk5GKjhv2k+zHuHLg/h6ujA=
11,-34,F1W0d2w9+ezF7fgJntvA5XMaiis=,rwXfBk5GKjhv2k+zHuHLg/h6ujA=
11,-33,F1W0d2w9+ezF7fgJntvA5XMaiis=,rwXfBk5GKjhv2k+zHuHLg/h6ujA=
5,-36,F1W0d2w9+ezF7fgJntvA5XMaiis=,rwXfBk5GKjhv2k+zHuHLg/h6ujA=
10,-33,F1W0d2w9+ezF7fgJntvA5XMaiis=,rwXfBk5GKjhv2k+zHuHLg/h6ujA=
4,-36,F1W0d2w9+ezF7fgJntvA5XMaiis=,rwXfBk5GKjhv2k+zHuHLg/h6ujA=
9,-33,F1W0d2w9+ezF7fgJntvA5XMaiis=,rwXfBk5GKjhv2k+zHuHLg/h6ujA=
8,-33,F1W0d2w9+ezF7fgJntvA5XMaiis=,rwXfBk5GKjhv2k+zHuHLg/h6ujA=
6,-33,F1W0d2w9+ezF7fgJntvA5XMaiis=,rwXfBk5GKjhv2k+zHuHLg/h6ujA=
9,-34,F1W0d2w9+ezF7fgJntvA5XMaiis=,rwXfBk5GKjhv2k+zHuHLg/h6ujA=
5,-33,F1W0d2w9+ezF7fgJntvA5XMaiis=,rwXfBk5GKjhv2k+zHuHLg/h6ujA=
8,-35,F1W0d2w9+ezF7fgJntvA5XMaiis=,rwXfBk5GKjhv2k+zHuHLg/h6ujA=
8,-34,F1W0d2w9+ezF7fgJntvA5XMaiis=,rwXfBk5GKjhv2k+zHuHLg/h6ujA=
4,-33,F1W0d2w9+ezF7fgJntvA5XMaiis=,rwXfBk5GKjhv2k+zHuHLg/h6ujA=
11,-40,F1W0d2w9+ezF7fgJntvA5XMaiis=,rwXfBk5GKjhv2k+zHuHLg/h6ujA=
14,-43,F1W0d2w9+ezF7fgJntvA5XMaiis=,rwXfBk5GKjhv2k+zHuHLg/h6ujA=
9,-35,F1W0d2w9+ezF7fgJntvA5XMaiis=,rwXfBk5GKjhv2k+zHuHLg/h6ujA=
14,-39,F1W0d2w9+ezF7fgJntvA5XMaiis=,rwXfBk5GKjhv2k+zHuHLg/h6ujA=
11,-35,F1W0d2w9+ezF7fgJntvA5XMaiis=,rwXfBk5GKjhv2k+zHuHLg/h6ujA=
7,-37,F1W0d2w9+ezF7fgJntvA5XMaiis=,rwXfBk5GKjhv2k+zHuHLg/h6ujA=
8,-36,F1W0d2w9+ezF7fgJntvA5XMaiis=,rwXfBk5GKjhv2k+zHuHLg/h6ujA=
10,-35,F1W0d2w9+ezF7fgJntvA5XMaiis=,rwXfBk5GKjhv2k+zHuHLg/h6ujA=
7,-36,F1W0d2w9+ezF7fgJntvA5XMaiis=,rwXfBk5GKjhv2k+zHuHLg/h6ujA=
9,-41,F1W0d2w9+ezF7fgJntvA5XMaiis=,rwXfBk5GKjhv2k+zHuHLg/h6ujA=
10,-41,F1W0d2w9+ezF7fgJntvA5XMaiis=,rwXfBk5GKjhv2k+zHuHLg/h6ujA=
11,-41,F1W0d2w9+ezF7fgJntvA5XMaiis=,rwXfBk5GKjhv2k+zHuHLg/h6ujA=
12,-41,F1W0d2w9+ezF7fgJntvA5XMaiis=,rwXfBk5GKjhv2k+zHuHLg/h6ujA=
13,-41,F1W0d2w9+ezF7fgJntvA5XMaiis=,rwXfBk5GKjhv2k+zHuHLg/h6ujA=
14,-41,F1W0d2w9+ezF7fgJntvA5XMaiis=,rwXfBk5GKjhv2k+zHuHLg/h6ujA=
9,-36,F1W0d2w9+ezF7fgJntvA5XMaiis=,rwXfBk5GKjhv2k+zHuHLg/h6ujA=
13,-43,F1W0d2w9+ezF7fgJntvA5XMaiis=,rwXfBk5GKjhv2k+zHuHLg/h6ujA=
0,-33,F1W0d2w9+ezF7fgJntvA5XMaiis=,rwXfBk5GKjhv2k+zHuHLg/h6ujA=
0,-41,F1W0d2w9+ezF7fgJntvA5XMaiis=,rwXfBk5GKjhv2k+zHuHLg/h6ujA=
0,-34,F1W0d2w9+ezF7fgJntvA5XMaiis=,rwXfBk5GKjhv2k+zHuHLg/h6ujA=
0,-42,F1W0d2w9+ezF7fgJntvA5XMaiis=,rwXfBk5GKjhv2k+zHuHLg/h6ujA=
0,-35,F1W0d2w9+ezF7fgJntvA5XMaiis=,rwXfBk5GKjhv2k+zHuHLg/h6ujA=
0,-43,F1W0d2w9+ezF7fgJntvA5XMaiis=,rwXfBk5GKjhv2k+zHuHLg/h6ujA=
12,-43,F1W0d2w9+ezF7fgJntvA5XMaiis=,rwXfBk5GKjhv2k+zHuHLg/h6ujA=
0,-44,F1W0d2w9+ezF7fgJntvA5XMaiis=,rwXfBk5GKjhv2k+zHuHLg/h6ujA=
0,-36,F1W0d2w9+ezF7fgJntvA5XMaiis=,rwXfBk5GKjhv2k+zHuHLg/h6ujA=
7,-41,F1W0d2w9+ezF7fgJntvA5XMaiis=,rwXfBk5GKjhv2k+zHuHLg/h6ujA=
0,-40,F1W0d2w9+ezF7fgJntvA5XMaiis=,rwXfBk5GKjhv2k+zHuHLg/h6ujA=
6,-41,F1W0d2w9+ezF7fgJntvA5XMaiis=,rwXfBk5GKjhv2k+zHuHLg/h6ujA=
5,-41,F1W0d2w9+ezF7fgJntvA5XMaiis=,rwXfBk5GKjhv2k+zHuHLg/h6ujA=
3,-34,F1W0d2w9+ezF7fgJntvA5XMaiis=,rwXfBk5GKjhv2k+zHuHLg/h6ujA=
0,-37,F1W0d2w9+ezF7fgJntvA5XMaiis=,rwXfBk5GKjhv2k+zHuHLg/h6ujA=
2,-34,F1W0d2w9+ezF7fgJntvA5XMaiis=,rwXfBk5GKjhv2k+zHuHLg/h6ujA=
4,-41,F1W0d2w9+ezF7fgJntvA5XMaiis=,rwXfBk5GKjhv2k+zHuHLg/h6ujA=
0,-38,F1W0d2w9+ezF7fgJntvA5XMaiis=,rwXfBk5GKjhv2k+zHuHLg/h6ujA=
8,-48,F1W0d2w9+ezF7fgJntvA5XMaiis=,rwXfBk5GKjhv2k+zHuHLg/h6ujA=
1,-34,F1W0d2w9+ezF7fgJntvA5XMaiis=,rwXfBk5GKjhv2k+zHuHLg/h6ujA=
7,-42,F1W0d2w9+ezF7fgJntvA5XMaiis=,rwXfBk5GKjhv2k+zHuHLg/h6ujA=
1,-39,F1W0d2w9+ezF7fgJntvA5XMaiis=,rwXfBk5GKjhv2k+zHuHLg/h6ujA=
11,-43,F1W0d2w9+ezF7fgJntvA5XMaiis=,rwXfBk5GKjhv2k+zHuHLg/h6ujA=
0,-39,F1W0d2w9+ezF7fgJntvA5XMaiis=,rwXfBk5GKjhv2k+zHuHLg/h6ujA=
12,-35,F1W0d2w9+ezF7fgJntvA5XMaiis=,rwXfBk5GKjhv2k+zHuHLg/h6ujA=
3,-39,F1W0d2w9+ezF7fgJntvA5XMaiis=,rwXfBk5GKjhv2k+zHuHLg/h6ujA=
0,-47,F1W0d2w9+ezF7fgJntvA5XMaiis=,rwXfBk5GKjhv2k+zHuHLg/h6ujA=
3,-35,F1W0d2w9+ezF7fgJntvA5XMaiis=,rwXfBk5GKjhv2k+zHuHLg/h6ujA=
2,-39,F1W0d2w9+ezF7fgJntvA5XMaiis=,rwXfBk5GKjhv2k+zHuHLg/h6ujA=
10,-43,F1W0d2w9+ezF7fgJntvA5XMaiis=,rwXfBk5GKjhv2k+zHuHLg/h6ujA=
5,-44,F1W0d2w9+ezF7fgJntvA5XMaiis=,rwXfBk5GKjhv2k+zHuHLg/h6ujA=
6,-42,F1W0d2w9+ezF7fgJntvA5XMaiis=,rwXfBk5GKjhv2k+zHuHLg/h6ujA=
13,-35,F1W0d2w9+ezF7fgJntvA5XMaiis=,rwXfBk5GKjhv2k+zHuHLg/h6ujA=
3,-41,F1W0d2w9+ezF7fgJntvA5XMaiis=,rwXfBk5GKjhv2k+zHuHLg/h6ujA=
1,-38,F1W0d2w9+ezF7fgJntvA5XMaiis=,rwXfBk5GKjhv2k+zHuHLg/h6ujA=
12,-34,F1W0d2w9+ezF7fgJntvA5XMaiis=,rwXfBk5GKjhv2k+zHuHLg/h6ujA=
2,-38,F1W0d2w9+ezF7fgJntvA5XMaiis=,rwXfBk5GKjhv2k+zHuHLg/h6ujA=
9,-43,F1W0d2w9+ezF7fgJntvA5XMaiis=,rwXfBk5GKjhv2k+zHuHLg/h6ujA=
0,-45,F1W0d2w9+ezF7fgJntvA5XMaiis=,rwXfBk5GKjhv2k+zHuHLg/h6ujA=
2,-35,F1W0d2w9+ezF7fgJntvA5XMaiis=,rwXfBk5GKjhv2k+zHuHLg/h6ujA=
5,-42,F1W0d2w9+ezF7fgJntvA5XMaiis=,rwXfBk5GKjhv2k+zHuHLg/h6ujA=
3,-38,F1W0d2w9+ezF7fgJntvA5XMaiis=,rwXfBk5GKjhv2k+zHuHLg/h6ujA=
14,-44,F1W0d2w9+ezF7fgJntvA5XMaiis=,rwXfBk5GKjhv2k+zHuHLg/h6ujA=
4,-44,F1W0d2w9+ezF7fgJntvA5XMaiis=,rwXfBk5GKjhv2k+zHuHLg/h6ujA=
13,-34,F1W0d2w9+ezF7fgJntvA5XMaiis=,rwXfBk5GKjhv2k+zHuHLg/h6ujA=
2,-41,F1W0d2w9+ezF7fgJntvA5XMaiis=,rwXfBk5GKjhv2k+zHuHLg/h6ujA=
6,-44,F1W0d2w9+ezF7fgJntvA5XMaiis=,rwXfBk5GKjhv2k+zHuHLg/h6ujA=
7,-44,F1W0d2w9+ezF7fgJntvA5XMaiis=,rwXfBk5GKjhv2k+zHuHLg/h6ujA=
7,-48,F1W0d2w9+ezF7fgJntvA5XMaiis=,rwXfBk5GKjhv2k+zHuHLg/h6ujA=
1,-33,F1W0d2w9+ezF7fgJntvA5XMaiis=,rwXfBk5GKjhv2k+zHuHLg/h6ujA=
12,-33,F1W0d2w9+ezF7fgJntvA5XMaiis=,rwXfBk5GKjhv2k+zHuHLg/h6ujA=
4,-42,F1W0d2w9+ezF7fgJntvA5XMaiis=,rwXfBk5GKjhv2k+zHuHLg/h6ujA=
4,-43,F1W0d2w9+ezF7fgJntvA5XMaiis=,rwXfBk5GKjhv2k+zHuHLg/h6ujA=
5,-43,F1W0d2w9+ezF7fgJntvA5XMaiis=,rwXfBk5GKjhv2k+zHuHLg/h6ujA=
1,-35,F1W0d2w9+ezF7fgJntvA5XMaiis=,rwXfBk5GKjhv2k+zHuHLg/h6ujA=
0,-46,F1W0d2w9+ezF7fgJntvA5XMaiis=,rwXfBk5GKjhv2k+zHuHLg/h6ujA=
2,-33,F1W0d2w9+ezF7fgJntvA5XMaiis=,rwXfBk5GKjhv2k+zHuHLg/h6ujA=
13,-33,F1W0d2w9+ezF7fgJntvA5XMaiis=,rwXfBk5GKjhv2k+zHuHLg/h6ujA=
1,-41,F1W0d2w9+ezF7fgJntvA5XMaiis=,rwXfBk5GKjhv2k+zHuHLg/h6ujA=
13,-44,F1W0d2w9+ezF7fgJntvA5XMaiis=,rwXfBk5GKjhv2k+zHuHLg/h6ujA=
12,-44,F1W0d2w9+ezF7fgJntvA5XMaiis=,rwXfBk5GKjhv2k+zHuHLg/h6ujA=
3,-33,F1W0d2w9+ezF7fgJntvA5XMaiis=,rwXfBk5GKjhv2k+zHuHLg/h6ujA=
12,-36,F1W0d2w9+ezF7fgJntvA5XMaiis=,rwXfBk5GKjhv2k+zHuHLg/h6ujA=
15,-33,F1W0d2w9+ezF7fgJntvA5XMaiis=,rwXfBk5GKjhv2k+zHuHLg/h6ujA=
14,-33,F1W0d2w9+ezF7fgJntvA5XMaiis=,rwXfBk5GKjhv2k+zHuHLg/h6ujA=
1,-36,F1W0d2w9+ezF7fgJntvA5XMaiis=,rwXfBk5GKjhv2k+zHuHLg/h6ujA=
11,-44,F1W0d2w9+ezF7fgJntvA5XMaiis=,rwXfBk5GKjhv2k+zHuHLg/h6ujA=
6,-43,F1W0d2w9+ezF7fgJntvA5XMaiis=,rwXfBk5GKjhv2k+zHuHLg/h6ujA=
10,-44,F1W0d2w9+ezF7fgJntvA5XMaiis=,rwXfBk5GKjhv2k+zHuHLg/h6ujA=
3,-36,F1W0d2w9+ezF7fgJntvA5XMaiis=,rwXfBk5GKjhv2k+zHuHLg/h6ujA=
14,-35,F1W0d2w9+ezF7fgJntvA5XMaiis=,rwXfBk5GKjhv2k+zHuHLg/h6ujA=
3,-42,F1W0d2w9+ezF7fgJntvA5XMaiis=,rwXfBk5GKjhv2k+zHuHLg/h6ujA=
15,-34,F1W0d2w9+ezF7fgJntvA5XMaiis=,rwXfBk5GKjhv2k+zHuHLg/h6ujA=
7,-43,F1W0d2w9+ezF7fgJntvA5XMaiis=,rwXfBk5GKjhv2k+zHuHLg/h6ujA=
1,-37,F1W0d2w9+ezF7fgJntvA5XMaiis=,rwXfBk5GKjhv2k+zHuHLg/h6ujA=
13,-36,F1W0d2w9+ezF7fgJntvA5XMaiis=,rwXfBk5GKjhv2k+zHuHLg/h6ujA=
8,-44,F1W0d2w9+ezF7fgJntvA5XMaiis=,rwXfBk5GKjhv2k+zHuHLg/h6ujA=
14,-36,F1W0d2w9+ezF7fgJntvA5XMaiis=,rwXfBk5GKjhv2k+zHuHLg/h6ujA=
2,-36,F1W0d2w9+ezF7fgJntvA5XMaiis=,rwXfBk5GKjhv2k+zHuHLg/h6ujA=
6,-48,F1W0d2w9+ezF7fgJntvA5XMaiis=,rwXfBk5GKjhv2k+zHuHLg/h6ujA=
15,-36,F1W0d2w9+ezF7fgJntvA5XMaiis=,rwXfBk5GKjhv2k+zHuHLg/h6ujA=
8,-41,F1W0d2w9+ezF7fgJntvA5XMaiis=,rwXfBk5GKjhv2k+zHuHLg/h6ujA=
14,-34,F1W0d2w9+ezF7fgJntvA5XMaiis=,rwXfBk5GKjhv2k+zHuHLg/h6ujA=
15,-48,F1W0d2w9+ezF7fgJntvA5XMaiis=,rwXfBk5GKjhv2k+zHuHLg/h6ujA=
2,-42,F1W0d2w9+ezF7fgJntvA5XMaiis=,rwXfBk5GKjhv2k+zHuHLg/h6ujA=
8,-38,F1W0d2w9+ezF7fgJntvA5XMaiis=,rwXfBk5GKjhv2k+zHuHLg/h6ujA=
8,-42,F1W0d2w9+ezF7fgJntvA5XMaiis=,rwXfBk5GKjhv2k+zHuHLg/h6ujA=
8,-43,F1W0d2w9+ezF7fgJntvA5XMaiis=,rwXfBk5GKjhv2k+zHuHLg/h6ujA=
8,-39,F1W0d2w9+ezF7fgJntvA5XMaiis=,rwXfBk5GKjhv2k+zHuHLg/h6ujA=
11,-38,F1W0d2w9+ezF7fgJntvA5XMaiis=,rwXfBk5GKjhv2k+zHuHLg/h6ujA=
15,-35,F1W0d2w9+ezF7fgJntvA5XMaiis=,rwXfBk5GKjhv2k+zHuHLg/h6ujA=
9,-38,F1W0d2w9+ezF7fgJntvA5XMaiis=,rwXfBk5GKjhv2k+zHuHLg/h6ujA=
3,-47,F1W0d2w9+ezF7fgJntvA5XMaiis=,rwXfBk5GKjhv2k+zHuHLg/h6ujA=
8,-40,F1W0d2w9+ezF7fgJntvA5XMaiis=,rwXfBk5GKjhv2k+zHuHLg/h6ujA=
8,-37,F1W0d2w9+ezF7fgJntvA5XMaiis=,rwXfBk5GKjhv2k+zHuHLg/h6ujA=
10,-37,F1W0d2w9+ezF7fgJntvA5XMaiis=,rwXfBk5GKjhv2k+zHuHLg/h6ujA=
10,-38,F1W0d2w9+ezF7fgJntvA5XMaiis=,rwXfBk5GKjhv2k+zHuHLg/h6ujA=
1,-42,F1W0d2w9+ezF7fgJntvA5XMaiis=,rwXfBk5GKjhv2k+zHuHLg/h6ujA=
11,-37,F1W0d2w9+ezF7fgJntvA5XMaiis=,rwXfBk5GKjhv2k+zHuHLg/h6ujA=
4,-48,F1W0d2w9+ezF7fgJntvA5XMaiis=,rwXfBk5GKjhv2k+zHuHLg/h6ujA=
2,-37,F1W0d2w9+ezF7fgJntvA5XMaiis=,rwXfBk5GKjhv2k+zHuHLg/h6ujA=
12,-38,F1W0d2w9+ezF7fgJntvA5XMaiis=,rwXfBk5GKjhv2k+zHuHLg/h6ujA=
5,-48,F1W0d2w9+ezF7fgJntvA5XMaiis=,rwXfBk5GKjhv2k+zHuHLg/h6ujA=
2,-48,F1W0d2w9+ezF7fgJntvA5XMaiis=,rwXfBk5GKjhv2k+zHuHLg/h6ujA=
13,-38,F1W0d2w9+ezF7fgJntvA5XMaiis=,rwXfBk5GKjhv2k+zHuHLg/h6ujA=
2,-47,F1W0d2w9+ezF7fgJntvA5XMaiis=,rwXfBk5GKjhv2k+zHuHLg/h6ujA=
12,-37,F1W0d2w9+ezF7fgJntvA5XMaiis=,rwXfBk5GKjhv2k+zHuHLg/h6ujA=
13,-37,F1W0d2w9+ezF7fgJntvA5XMaiis=,rwXfBk5GKjhv2k+zHuHLg/h6ujA=
14,-38,F1W0d2w9+ezF7fgJntvA5XMaiis=,rwXfBk5GKjhv2k+zHuHLg/h6ujA=
14,-37,F1W0d2w9+ezF7fgJntvA5XMaiis=,rwXfBk5GKjhv2k+zHuHLg/h6ujA=
1,-48,F1W0d2w9+ezF7fgJntvA5XMaiis=,rwXfBk5GKjhv2k+zHuHLg/h6ujA=
3,-48,F1W0d2w9+ezF7fgJntvA5XMaiis=,rwXfBk5GKjhv2k+zHuHLg/h6ujA=
3,-43,F1W0d2w9+ezF7fgJntvA5XMaiis=,rwXfBk5GKjhv2k+zHuHLg/h6ujA=
0,-48,F1W0d2w9+ezF7fgJntvA5XMaiis=,rwXfBk5GKjhv2k+zHuHLg/h6ujA=
15,-39,F1W0d2w9+ezF7fgJntvA5XMaiis=,rwXfBk5GKjhv2k+zHuHLg/h6ujA=
9,-37,F1W0d2w9+ezF7fgJntvA5XMaiis=,rwXfBk5GKjhv2k+zHuHLg/h6ujA=
15,-38,F1W0d2w9+ezF7fgJntvA5XMaiis=,rwXfBk5GKjhv2k+zHuHLg/h6ujA=
15,-37,F1W0d2w9+ezF7fgJntvA5XMaiis=,rwXfBk5GKjhv2k+zHuHLg/h6ujA=
1,-47,F1W0d2w9+ezF7fgJntvA5XMaiis=,rwXfBk5GKjhv2k+zHuHLg/h6ujA=
2,-43,F1W0d2w9+ezF7fgJntvA5XMaiis=,rwXfBk5GKjhv2k+zHuHLg/h6ujA=
3,-37,F1W0d2w9+ezF7fgJntvA5XMaiis=,rwXfBk5GKjhv2k+zHuHLg/h6ujA=
2,-46,F1W0d2w9+ezF7fgJntvA5XMaiis=,rwXfBk5GKjhv2k+zHuHLg/h6ujA=
6,-47,F1W0d2w9+ezF7fgJntvA5XMaiis=,rwXfBk5GKjhv2k+zHuHLg/h6ujA=
1,-46,F1W0d2w9+ezF7fgJntvA5XMaiis=,rwXfBk5GKjhv2k+zHuHLg/h6ujA=
2,-40,F1W0d2w9+ezF7fgJntvA5XMaiis=,rwXfBk5GKjhv2k+zHuHLg/h6ujA=
6,-46,F1W0d2w9+ezF7fgJntvA5XMaiis=,rwXfBk5GKjhv2k+zHuHLg/h6ujA=
4,-47,F1W0d2w9+ezF7fgJntvA5XMaiis=,rwXfBk5GKjhv2k+zHuHLg/h6ujA=
5,-47,F1W0d2w9+ezF7fgJntvA5XMaiis=,rwXfBk5GKjhv2k+zHuHLg/h6ujA=
1,-45,F1W0d2w9+ezF7fgJntvA5XMaiis=,rwXfBk5GKjhv2k+zHuHLg/h6ujA=
7,-45,F1W0d2w9+ezF7fgJntvA5XMaiis=,rwXfBk5GKjhv2k+zHuHLg/h6ujA=
1,-43,F1W0d2w9+ezF7fgJntvA5XMaiis=,rwXfBk5GKjhv2k+zHuHLg/h6ujA=
1,-40,F1W0d2w9+ezF7fgJntvA5XMaiis=,rwXfBk5GKjhv2k+zHuHLg/h6ujA=
3,-46,F1W0d2w9+ezF7fgJntvA5XMaiis=,rwXfBk5GKjhv2k+zHuHLg/h6ujA=
2,-45,F1W0d2w9+ezF7fgJntvA5XMaiis=,rwXfBk5GKjhv2k+zHuHLg/h6ujA=
3,-40,F1W0d2w9+ezF7fgJntvA5XMaiis=,rwXfBk5GKjhv2k+zHuHLg/h6ujA=
1,-44,F1W0d2w9+ezF7fgJntvA5XMaiis=,rwXfBk5GKjhv2k+zHuHLg/h6ujA=
2,-44,F1W0d2w9+ezF7fgJntvA5XMaiis=,rwXfBk5GKjhv2k+zHuHLg/h6ujA=
6,-45,F1W0d2w9+ezF7fgJntvA5XMaiis=,rwXfBk5GKjhv2k+zHuHLg/h6ujA=
3,-44,F1W0d2w9+ezF7fgJntvA5XMaiis=,rwXfBk5GKjhv2k+zHuHLg/h6ujA=
3,-45,F1W0d2w9+ezF7fgJntvA5XMaiis=,rwXfBk5GKjhv2k+zHuHLg/h6ujA=
4,-46,F1W0d2w9+ezF7fgJntvA5XMaiis=,rwXfBk5GKjhv2k+zHuHLg/h6ujA=
5,-46,F1W0d2w9+ezF7fgJntvA5XMaiis=,rwXfBk5GKjhv2k+zHuHLg/h6ujA=
5,-45,F1W0d2w9+ezF7fgJntvA5XMaiis=,rwXfBk5GKjhv2k+zHuHLg/h6ujA=
4,-45,F1W0d2w9+ezF7fgJntvA5XMaiis=,rwXfBk5GKjhv2k+zHuHLg/h6ujA=
